9329f1ec-6027-450c-9ff8-ecddd2b08c31,happy
01619eb7-aab7-4145-add9-d0766ff394b9,happy
03bbff2d-824c-43eb-952d-aa4683f435b1,happy
0632945d-26a9-4cba-b774-4b3017427bbf,happy
07ad3e65-6730-4f0e-937f-2dfe327bd216,happy
09100021-f55c-4a7a-9ebb-c9a766c9b0fa,happy
0a28d949-b2a0-49a8-81e4-53d9a520317b,happy
10945074-f837-468e-9979-9b5448e26710,happy
11ec6cec-2fb2-4e8f-8178-bab398c97bef,happy
120b47b8-f137-46d1-a951-f645f40c8c7b,happy
13e7642a-4135-47be-8bad-4aa196e8251a,happy
13eca25f-802f-4b46-882d-27000eca6fdf,happy
1643fe37-c5c4-4a15-93a9-8dd2bb4f0ed7,happy
17ea1e13-fa00-43f2-a971-e2baf97cca6b,happy
19743e71-e55d-4413-9450-0be53223675a,happy
19be387f-5e12-4567-9e21-3f5cb8038e95,happy
1b757614-6e20-43b0-a4a1-79f697f2d93d,happy
1dc8601a-9e67-4d2f-b430-b413aa06c746,happy
21510f00-ae7a-48de-b6d7-9106a3bf0fff,happy
21abea29-e5a2-4a11-82c3-bee9fd98a94d,happy
224b7b87-23c0-4ddb-b481-aa82a12fb6c0,happy
22d78596-461a-472b-8b8e-81736a4adeed,happy
23dfd228-b318-4599-82ac-7ec4273b9305,happy
24cf412d-15f1-42c2-b29e-ab7abd3ebd1e,happy
25699e9d-3ff5-4c6a-99fb-e53eb46aaf9e,happy
25d7ae74-dcbc-4b5f-bea6-d4c1abb59d30,happy
26a46570-ace7-40d8-b565-48098ccbef70,happy
26c839ea-ddc2-4815-a5c4-1bca38a04ffe,happy
2a9e2d6d-15f1-46b5-92d4-8d46b545bf42,happy
2ac8864c-71bc-4953-ae8a-2012fe5026de,happy
2b41e7a3-d95e-47eb-b9cb-9889dae8198c,happy
2d8a63de-368a-4e3e-a801-dc2d2f02f53b,happy
2ef892d9-3154-4e2e-9759-77ab61d6ea22,happy
2f985b3b-fcec-42ab-a068-4e17d55e01e3,happy
31d48dd5-4145-4a51-b0f5-ade30ea183ed,happy
3466a5d3-f222-4e88-8095-2c421f1231fe,happy
34fb12a1-8b0b-4d0d-832f-05df36671d24,happy
35789062-5800-427a-8488-7341c32da358,happy
35e63e2f-4871-4d36-a9cb-c6eeaa648117,happy
3670395d-def7-4617-bf4c-da9e294dab50,happy
37321ab0-d110-428a-b7c0-85f7d050fb58,happy
40396702-167a-42ba-bf14-8e3e4adbdb18,happy
41f72ec0-5923-4c34-861a-9655cdb2d41d,happy
45a29ec5-e794-43ca-9150-e99105f3e2db,happy
49ecf4c7-f447-417a-8629-b6ca5f27874c,happy
4cac63bc-b03c-4c79-b9d9-c72088365cb9,happy
4dfd5c24-6b7f-45be-8a18-a6de217811ce,happy
4ec28972-0da7-4cc0-b277-00997e2fb504,happy
4f50c12f-9f10-4ad3-907e-c91f32180fa7,happy
4f8b3d08-9b18-4a28-87c2-ea86d08089d8,happy
52418ecd-fc93-454c-938d-c7dcfca522c6,happy
525d9d87-247e-4e31-9093-50bc22c69d67,happy
530a72ba-0850-46c7-8ff2-c8a436963ab0,happy
56325f84-67c4-4edc-ad53-e0fa2420de6f,happy
5c0a5040-24f2-4afd-8340-67d0546ee79d,happy
6134c448-2318-4331-9cd0-ba4e840a2c75,happy
64b7bdf7-7ea6-4cac-b75b-d0c04b41c962,happy
6901ef92-667f-49fe-bc37-23f6eb2a2f07,happy
6b1627e6-eac3-4425-bec2-b026ec7ddb16,happy
6f33f269-cf4d-45a8-b828-92f0342cae3d,happy
6f4d67c0-159b-4a87-923c-8cdf97cf2993,happy
70eb67bf-21e2-4fe6-b1c1-209e6b91994a,happy
72007e1d-60e2-46f4-a31e-af96e61e3e27,happy
73795ffd-95e1-4fca-b200-b52555e6d8fd,happy
760ac022-3fe4-40ed-a2e0-d7d3c287df59,happy
785edc93-cd64-4ec9-8a21-245a69e82ab8,happy
80862eaf-ff1d-4e5f-be7d-360a2b9f147a,happy
83c76d8e-6ab2-4236-950f-4bebde17cd4b,happy
842f0f55-5901-4cb7-aa72-b33c73d532ea,happy
85a2d096-6e0b-4022-a1b6-efdaaa566c71,happy
867983f2-3cea-4c9c-b2cf-95e14ec6ac69,happy
88bdb36e-ad2e-4afc-baf8-0fa5699f4c4c,happy
8c3adbc9-0a38-4048-a494-d25a29c7e1d2,happy
904e4a6a-3650-4327-9ae5-da8c09c6eaef,happy
92e8f3c9-ec04-42d6-8f2b-c3d7fc4f65c2,happy
95a65991-79d6-41d1-811e-46937efb453b,happy
95bf6a56-a5d8-4206-b624-522797976446,happy
97b4b5bc-0abc-4f82-b595-b4488e15c178,happy
9c5a2bdd-d425-4ebc-b2fa-9abc4f66adec,happy
9d2f79bb-80a3-4445-8d99-3a56b530287e,happy
9f093890-1c32-4bb5-a12d-0df09c3895b1,happy
a0531555-66fd-4049-b431-fdcaaae4ba34,happy
a0669df9-ee75-4696-855e-a942d3d7921d,happy
a0829b96-8366-4074-be29-224c6263f9c1,happy
a591c74f-05d1-48e5-8a7e-a82becb43e7e,happy
a8818f58-1e96-4028-89d7-de1514139fed,happy
a8b32636-5ca2-4e9a-a1ed-32903de8f61d,happy
ab14f9e7-4f72-4cd8-bc0f-deef0a9fc214,happy
ad8f98e0-de2d-4400-a6e5-eceaa202feec,happy
ae64eff3-10c8-494c-ba40-739a3d8058c8,happy
b018e069-8dda-44d8-85e9-3812108f24f8,happy
baf2105e-b7bb-4cdb-8daa-b59cda7883d6,happy
c09eb70e-9cea-4e2a-8a2d-6da0688b7421,happy
c0d01e0d-c2b2-4b4c-aef1-b8f486c297ec,happy
c65ff83e-b75b-4ff7-bf92-a83d9d54dd0e,happy
ca420b11-d4d7-405b-ba26-903dfa3c9b1e,happy
ca481c2f-95c0-4973-aa20-b3c64ef62a44,happy
cac5b2b9-5fda-4856-b71a-31c94bb5da9d,happy
cb5f3af3-0474-4b7e-be89-98011ea93c27,happy
cbab80bc-f52b-47bd-bb66-bec88bebd4ce,happy
cc792d07-9256-4f26-b4fe-e475c3eddc04,happy
ccd20839-7049-4822-a3af-7ccfcfecc80c,happy
d21498a3-74e8-49e5-b16d-6950ede03765,happy
d380f9e4-872d-415a-80e1-3bc5c2717b42,happy
d40bcb23-a787-4977-b07d-0bae32349275,happy
d4b4b0f8-ab71-4a95-a715-0b6d38c787f9,happy
d67cfe76-3d8f-4cce-906f-a7f10a361234,happy
dd5a6d4c-9046-4ce3-b420-e511cb28345d,happy
de7cd351-1497-4e8b-9ba7-a53a11e6a990,happy
e325bcb0-2010-4d2a-bb1c-203c7aef8359,happy
e8dd5b0d-eaf3-4a1c-9713-caf5f36cca9b,happy
eea647d2-5d89-42a7-8933-6e2a98e56ea9,happy
eebb5c51-33c0-40bc-bca0-4d85a282daed,happy
efddd2cf-e995-4bee-b2e7-7ba279db3c4a,happy
f1f8c020-0735-4a5a-84c5-bd15477e1262,happy
f69d0919-4724-4477-b0e2-a188307ebb7a,happy
f91acef7-8142-4f50-bff1-3b2c922f1810,happy
fbcd0a63-2565-4610-a1e8-612d59851df7,happy
fcb59f8a-61da-4bcc-89ee-68c4b8ab5a72,happy
fd8da6ad-dd89-4a8f-b886-8842ee702e80,happy
fdfb4ceb-ac72-408c-ab14-f5748bb1ec2c,happy
ff34e5e2-b731-4387-adc6-3d03fbbf1dd5,happy
8b9e64c5-6d29-418c-b1f6-3b6774e526f9,happy
8769d6d9-9f7e-42d6-b768-918aeb9784ef,happy
8195607d-851e-4787-9f63-a6594e999d8d,happy
827d8006-6540-4847-aec4-90b00deb1766,happy
84086de9-b952-4e57-b13b-6c1866063759,happy
8645e4a9-4af6-4cdd-a18b-97b621405b74,happy
8eee2117-84e9-4dd3-82b7-c043450e849b,happy
82a4f181-b156-4f54-9bc1-b14c2301f8f5,happy
84371413-9190-4986-bc6b-2131a3c97d2f,happy
839596d7-5905-40fe-b237-0e1d87a478a3,happy
8743001e-23bf-4c01-bb55-457ad4e407a8,happy
8d133d8b-e0ab-49de-9231-90687dec8298,happy
8452cff2-ca7b-441d-9898-239cf01142d4,happy
bf58a93c-1a90-43aa-b804-53f5a4f5307f,happy
be376cba-b622-42f0-8c0d-e88fa7cc2fc3,happy
b9ca6d7a-adc3-4d0f-a991-3ead721eae2b,happy
b79f06c5-e617-4187-802a-a46f0250c612,happy
bba0c8d4-87c9-4c23-8f2e-ec463c00c005,happy
bf475672-f895-4d99-8934-af45db5c571e,happy
bd54b8f8-c55f-425c-99ef-b0d90f937459,happy
bbbd19ac-6aa3-4eef-a5b5-9d7328131005,happy
be8df2b2-7965-4855-9699-0251a570f18d,happy
b84e7d0c-b17d-471f-beda-ab32f6757cc1,happy
b0d60700-4ab5-47b4-8172-ab68bff185a1,happy
b4bc50ba-6c50-4a7f-ae49-bc3a254bd79f,happy
be5f245f-7f08-407d-9521-5a3423aa777c,happy
b1983932-e5ea-403c-926f-94edb2d559a0,happy
b3133311-99cf-40e3-8bf7-ad137f77676d,happy
fed1fb7d-e3e7-4318-b682-6b2ca47e7092,happy
fdcdf46e-1621-47c2-bff1-4e7c40c60d37,happy
f23b468c-0205-46ef-a7f0-eb0e16cfbfeb,happy
f324ba14-5a00-4f0d-8fff-a0cedc44e175,happy
fb94dee7-721b-479b-8116-d018b04eb388,happy
f52882c9-5be2-4042-b7ee-4cd6468ca85a,happy
fd1e0ecd-977d-42ab-a8e5-259464e6ceb2,happy
f20e164a-c3a1-4793-920a-d69feb39863c,happy
f0831c22-45bb-4b07-92f7-34ec1035edc3,happy
fda6a1ad-2922-4e6c-9690-950e2357dbef,happy
f2103184-1bde-4030-a777-b174762a27a0,happy
f41e0363-bef2-4aa2-9004-9e4f433e85a2,happy
f5eb998f-83de-4c36-9d0b-60b74a31c883,happy
fe1c424c-18f5-4456-be76-d4d20e226a72,happy
ffc4cd52-96f7-4d7f-9d60-ecab98864974,happy
fb15b5bc-4a41-443d-a219-1d3300900b5d,happy
f7e6b295-f953-40fe-bfa9-e7fb34d4c124,happy
fa9215cb-7531-42c1-a2b7-815384d9a19a,happy
fe2fa03c-4a9b-46b2-bbbc-2da464c91028,happy
fefb3869-aec7-490d-a0da-b42436a571ac,happy
a40d2f44-5ddb-4df4-ae55-1acbfef415ae,happy
adc54699-90dc-48da-83a5-56872d6650ef,happy
a89239cf-b8d2-4b47-b1b9-6b27f170f23e,happy
a706b8f8-a1ec-4099-885a-7a294e3e0524,happy
ad5a6990-78b4-44fd-8122-f00f3f6eb2bc,happy
a63c1288-7247-4d3b-8ca0-453d8a38e2ed,happy
aa06b647-2945-4286-8549-7850777a7da6,happy
af23c18f-83d5-4902-aedd-f0ee2017d708,happy
a1e9dd24-fa64-4b83-9874-15195ef4c841,happy
a0b21e98-58da-4730-a634-69f18b12814b,happy
a8b3b27a-cbec-4ce3-b0b5-c7ded0dbb1bf,happy
ace9e8d1-c445-44ec-b2f9-02ffc00ae52e,happy
aebd4b43-45e6-483c-8adf-191a15cb2268,happy
ab05e42b-4f24-4e1c-8397-69064f5c1a31,happy
af1bb4f8-5d25-4e84-b67c-ff7c951d4d60,happy
3fa92f65-63aa-4c71-8018-1aaef9695320,happy
35cfc910-73ff-431e-88ac-74dff95caf59,happy
3ba25196-a0f1-4eb2-85c7-d6956f17026f,happy
307e5467-5618-410a-a80b-96fe6b3c2ca0,happy
3d05c47c-6abc-4baa-bacc-24108a5bf595,happy
39e71148-1865-44c9-b1a8-294c352fcf4a,happy
38d3b221-ab19-4052-87dc-ef4ecd388def,happy
3b6bcc26-c28f-4b88-80dd-b2b494fd76f4,happy
35a4ab25-f0a8-4311-8a7c-ac48436e6916,happy
32463d87-5407-4e29-8570-5f96587eabe9,happy
3aeb87dd-0e4b-4636-9685-85a06658c60b,happy
30fb48d7-ed41-4e7e-a3a2-0a065019759c,happy
3fd7178a-b113-4df8-b151-16b2b73c2f09,happy
36386d8e-5321-4cc6-989a-efcb45f5b7a2,happy
7af3e44c-eb4a-422f-b41b-25b911f2a064,happy
759a98e7-a4a7-408f-ae64-6b09885b0be3,happy
77c22d9d-7da5-4f7c-81e2-25874d6bc558,happy
79925848-22c3-45ef-8f49-eab8867f1b2e,happy
720860a3-b355-45df-97aa-c096cee36259,happy
7d8390e4-694c-4fb3-ad9e-5a38e5654443,happy
7006d43e-92a7-4653-96d5-d212e46c0704,happy
7d2fc60b-a11f-4c1e-8a06-f91170dcc85b,happy
759efd3f-5a2c-42d7-8284-59292c7f9c82,happy
799dd8f7-db2c-439c-8632-2a8e76f2890b,happy
7c2798eb-e8b6-4ae1-b838-cfdf867ac1ad,happy
796bd99f-3202-41be-a95d-60ca7ed80656,happy
72e3e10b-17eb-4fb6-9b93-2862238c5785,happy
71cd6064-0c37-4d6e-8e98-003d676915c3,happy
7efaa82b-9718-499e-b628-91c014b759c2,happy
74bba603-5feb-44d3-bc70-60a2ab99484b,happy
79202ea7-f615-4eb1-ba51-1e06e5a6a909,happy
d10a1cd1-0caa-405a-817a-111e2a1d8064,happy
d1d5926a-8009-4117-b698-bc8c1fe10fab,happy
de45ca9c-9480-459c-8775-88c1f5808c5e,happy
d2aac1e6-5750-4271-ad03-068134b90b0d,happy
d4d0f5b7-b4f4-47fd-b38c-1796bf114937,happy
da729365-dcce-4029-a0cb-45fdd8420050,happy
d76ff375-9517-4535-adae-34a312742c44,happy
da9ce80f-59a0-408b-91e1-b0e7bbd05b95,happy
d5bf4b92-9d19-4755-81ff-0e47df1f3981,happy
d6219c6a-92b3-46ab-9ed8-e7cf58538c72,happy
db07558b-9d99-45df-b6ae-07d1445494c9,happy
d0e76631-fe32-4f96-8a38-8583d5d3773b,happy
99cec60a-371f-476e-8571-e9a1c7381bab,happy
94b79343-c276-456f-bfb9-54d491631ab5,happy
92b934d2-451c-411d-b2ca-0c543fa9ec53,happy
9d26db10-08d3-4450-9df5-a0b9833f38c8,happy
95acc06b-851c-4eae-9882-e5f8322a5969,happy
93a360d9-1ed0-4f68-befd-9a77d831a51a,happy
9d6bd1bf-33f6-45e4-a959-8f72ddc47f4e,happy
9f82e180-783f-4b12-a0eb-3e0a20fa7706,happy
91363e79-b457-4ae8-ae87-e9a6a22ff8d3,happy
9bbd9db4-3ded-4b2c-9d5f-37df07ee9fe7,happy
9a46bbb7-0769-4905-a784-7ea1f58be215,happy
9d2601dc-1c06-48ac-b7fc-48b9eac50f70,happy
4f95c171-3928-48a2-bab1-aba292423f44,happy
440e4476-eeae-435d-9336-f79821d30bce,happy
4fd3f8cd-e66a-4811-83c2-89a78ca3279f,happy
4d4b9689-c140-4ba9-94ba-ce907be5b41a,happy
48fe0862-87f1-4032-a51d-ef63fda04a64,happy
4832e4d9-2c47-456b-a108-80df0538005b,happy
44e17e6b-15b0-4b28-9e85-af3aec95f3e8,happy
4a20322e-efd8-4b43-95cc-53aebea734f2,happy
4e6da054-69bc-4409-9c28-5be8b7b81b96,happy
4d0819fd-b744-4b9c-b415-c38907691547,happy
46c166de-1626-40ec-8281-e4a14e92d01c,happy
40fa2021-2ce0-4827-a9a7-a05cf136f4ef,happy
45298b58-78cf-4a97-b6b8-1c399f0fac94,happy
4be28a64-7861-48c1-9004-ff0700e57f23,happy
43e6a72d-6430-4910-aabe-3700449d7451,happy
42f962c8-4743-4490-a8dc-2586f0bf3236,happy
4e935620-98ec-474a-ab5b-38deb956b250,happy
417e5e91-3a54-40f9-a65a-77454190774c,happy
42fc171b-3cac-49a6-9316-e5ec9b298533,happy
e1f05d06-06ad-4f22-9c81-c94c0f44fe41,happy
e05274d0-8dfd-4b95-a667-bba6e968aa89,happy
e3661177-468d-4a03-91ea-a4dfba150509,happy
eea76a9d-0a77-4d31-9085-d13e7d992c41,happy
ef75ced4-e32d-45de-b6d2-fd9e5bd06f97,happy
ea4d7bff-8015-42e0-af61-20336e6335fc,happy
e61c7a61-ffc5-484f-9e20-cda6237bb75a,happy
e2dfe0e8-bc0e-426e-adac-16f9a2120e3c,happy
e69ad76d-d2c0-4981-a39b-78d8794c7f0d,happy
ef417200-843d-4111-9b8e-ff275570b5a2,happy
e27b1d1f-29f8-4071-b1c7-4936052b4235,happy
e8daf4bc-7995-48ad-988a-896de21784e5,happy
efe365d3-a1d8-42dc-a63d-0b4cc6ecfaed,happy
e0a24151-39fc-4b9f-bebf-8d5d1792ad4e,happy
eba54902-2f6f-4d2e-be36-d01e3d7c9bc2,happy
e04c470a-d227-40a6-a248-f96ad9d81a3e,happy
ea666e53-0978-4297-8ced-9fd96d0122c6,happy
e6527da4-915c-4156-80af-a5cfe85a8ca5,happy
ec0676bb-cc48-469d-9912-52ac31621ba5,happy
e5907268-9a9c-4227-849c-af57a2b5fda3,happy
eb27788c-1e84-4fbf-b074-a521030eff2f,happy
08e5f2e0-a955-42ec-939d-c50bc4ecb26d,happy
0da6b534-6df6-4dec-9a5a-90cb472ff442,happy
008a6b79-27a6-4981-91a7-b2168d4b064c,happy
0b1664a5-91f6-4ddd-8363-3d708f4ae36d,happy
061a2d04-6c25-4217-87a7-f38301346ed2,happy
07075a19-e37b-4f9d-869c-ec98e0ceebb6,happy
081ae855-28f0-4f2e-a53a-67361097c64d,happy
0b64a4de-8df7-4ed6-8b74-ad94e6e6daa5,happy
01717594-1919-4988-8b69-df974a686d91,happy
01ca10b2-efc7-44ae-80a4-45fc55cd0e9a,happy
02311eb7-1686-4f44-9b63-b95576f213ed,happy
00a30da1-f256-4f91-ad40-262835625f08,happy
0b46b762-0864-45c9-9394-1167d89f536c,happy
08efb174-7404-4d30-be39-2b638f5c4944,happy
2ca2046e-c611-4a85-86c3-51fcf50e84fa,happy
24bcd558-9f41-446c-82b9-3cafdb6e76da,happy
2064b28e-9d82-45fd-ba19-94a9f98ff00c,happy
2a6d61dc-c179-4032-b27c-79b4d45527d0,happy
2cb9cd4c-aecc-4984-9630-1fed32b56641,happy
2138c519-cbc7-4212-bcba-f229deee7fbd,happy
2ea8c8f6-ffab-4207-b323-fc9b414a521d,happy
26f0b587-4047-4d00-9309-ad4f72ddb075,happy
21bce22e-be8f-4ff9-ad5c-1e40c74e7fbd,happy
210005fc-3b04-4112-9b39-5741244f71c7,happy
237aa76c-c252-4a72-8fdd-3a6df53fe583,happy
286a1266-c1b0-430f-b1af-4f0adc49a141,happy
2d4666ab-10a2-42a5-bc0c-078d3e1b8737,happy
2880ad8d-841e-4c30-9fb8-d60d20ed48c7,happy
226fd847-bfd4-441a-8295-8fa06dd2d504,happy
c6a9c50f-57d5-49bc-83a9-045714d7cb3f,happy
c263cdbe-bc23-485d-bb0e-2b6151ef1a12,happy
ceedad22-daae-48ea-b679-3b42099cf9ae,happy
c63bbc81-2750-44ef-838a-0e7f2e14ae6f,happy
ce3ac6e6-0e69-468a-89d6-52cb27f20fa8,happy
c20fd0a0-7e68-4a5a-8745-ed2a47bf46fb,happy
c68dc76c-13cc-48a5-9859-200e1dfa4650,happy
cc45210a-902f-4a97-ac16-a7bb349a0592,happy
ca83f372-fbaa-491a-8c04-082177445613,happy
644fa430-5435-48c9-b49d-273bb818ec53,happy
6c9228a3-8b24-4614-ba8c-525ff7b02fc6,happy
62b20530-66fd-465c-9e79-fa0efd05276a,happy
64ba8d70-74ca-4429-9943-df19095b707a,happy
6ee5a0af-f8e5-4983-ad55-be244a4f1117,happy
6c82822f-63bc-43e7-9373-0df0fe141130,happy
65d2a151-9b73-42e8-8e1d-01b8bdad685a,happy
68732ac2-ca41-4ea3-8590-0b495a15fc4a,happy
6030de1d-1d89-4637-8b85-13823f568e78,happy
6d532fd4-61b3-42df-beda-748477f770b7,happy
6953b629-ac5a-4ad2-800c-af9c7c7e8ac4,happy
5c70fd15-0abe-49a0-9e97-2b88a0efbe06,happy
5c453200-e923-4977-90f9-b312a629a505,happy
53e310d9-1696-47ac-bcea-5c2392094bf3,happy
520ff847-3a86-4ef3-ae3e-19290f927a4f,happy
5e83acd8-c52a-4d73-bd5b-5c4b2261afbd,happy
50cc08b0-d114-4ce4-a73e-9bd02467fa3a,happy
584f2cd1-45c1-4cd0-8c08-3e3dd0ab76f5,happy
55cd7927-9e19-429e-b6d9-659f2a2c9ae0,happy
5b080da5-640a-4476-ab6a-82c917bdbce4,happy
556e8ade-b208-4e9f-987a-bc12015dd3a5,happy
5f6ef504-6f64-4201-85d1-1904836973ec,happy
129d60a4-6d2a-4728-aac6-4a61f150aef1,happy
122e3bba-5a1f-4758-ba22-df4fba042aff,happy
1a438fb9-dcf2-4faa-91f9-99d5ce3524d9,happy
1fe403a1-6fdd-4f26-912a-e3a1c31e486d,happy
175ba45d-d961-4165-9636-9b2e230fc34e,happy
1f4d51a5-c871-4bab-b21d-b5ef682d7b5f,happy
1bf39f63-03bc-44d1-81c2-d0c682f1969b,happy
1a69ea92-4c57-4c98-9795-afae97434baf,happy
39f86642-9138-4d70-8814-a684bd7fc6e5,happy
c5ef441d-83ed-4abe-9d2f-9060afb3903d,happy
66f408bd-a830-41bb-afaa-99a38798f82d,happy
a4531493-cab7-48d8-8cad-e851209d05b9,happy
772096ab-882f-4755-8f38-a38fb92b9cf5,happy
22298c0d-e37b-47f8-9f43-4d35a9d1e501,happy
2917b21d-f07d-4621-ac1b-d13712c11db9,happy
07ca2c24-9193-4555-b59e-5ea3ba36dbea,happy
03291e1d-1068-4602-9c4a-65d9427ada2e,happy
044beefa-11f4-42aa-ab7b-b15af6f174e4,happy
052cb2c6-ab3e-49de-aa07-43db1458957f,happy
07b6ef02-92ed-4ce4-9e61-51f439f9bfdd,happy
0aabd41c-d8a3-4948-aa59-720016e592ef,happy
0b675d99-57d4-442c-a56a-b78fbb8913e9,happy
0cd36746-2feb-4a07-8534-af1d86aaedcb,happy
0e40d80b-a3ea-4fac-afbb-ef822cc1e644,happy
0eea408d-4472-4dac-a87b-188b980746bc,happy
0f4d36ab-635e-41cd-a74d-420da326efee,happy
101042fd-4b0c-4f72-a4d0-bea491c9c898,happy
10cfdacf-53c3-4662-b216-62046e318f6e,happy
1263eef6-8c28-4865-805f-25d1f7ff6b4c,happy
140a185b-84a4-40d3-91a6-677539ff4650,happy
14f167b7-6675-4afe-98a7-420a3b735937,happy
16a75b0e-8d57-4ebe-81e8-76c4df89d09a,happy
1856be9c-a42e-4bb8-ad5b-0d7f79dce3a1,happy
19a07892-30f3-4102-80e8-e2a516910609,happy
1add9592-204f-44b2-8ec4-bdc233073616,happy
1d0ca0eb-500f-4d29-8c13-d9c859afa9c8,happy
1f7336a6-1618-4def-9919-7cd88624c981,happy
20eaf548-0f72-41af-9891-cc8db96bde55,happy
22e9527e-b6d1-49d1-9dc3-e616fd26c27d,happy
2362b8cc-7810-4dfa-a88f-6d5091b919a3,happy
23e53840-43b7-40b0-89bf-733a12108777,happy
2447beaa-a7b5-4b4f-9e69-eea8d45d9d10,happy
2822380b-f128-419a-b6d8-4eb3bbe358ad,happy
29bc89aa-12f5-4c6f-81b8-a7e3a9ef26c6,happy
2a72df70-8b3f-43e8-aac9-3af92b8bb961,happy
2b567fd5-8370-4969-b325-5e53be793452,happy
2bf9a2d3-79e4-4a41-95b3-4b543ba1de7f,happy
2c623d93-4e45-4886-86af-a153db6da6b5,happy
2cfa3f26-b824-4df3-b8b5-75d2e6e375f0,happy
35a7e04a-9129-4645-b5f4-8ed01cbd40ae,happy
37e76395-c9da-4850-9c8b-2ce81c0cdcc4,happy
383ce323-8624-4e11-8444-a3d7af823404,happy
38b0bc24-a53a-4eb2-838c-abc4d52ccf67,happy
40d25a86-a2e1-4d3d-b916-2aa3add42d8a,happy
4115a375-8945-4412-87b3-7bc38c50c115,happy
417f5786-8082-4c3b-9992-47f7486f692b,happy
421cec57-d7d5-4e37-8bc8-b8e586f58bbf,happy
449eb16f-2706-48c0-bfbd-c988612245a6,happy
450ffe18-2f22-4297-9530-669faa4863ac,happy
46c47803-dcc0-4417-aff0-9e35667195e5,happy
479fd222-6e33-4494-b75a-0448f9dd4ed1,happy
481d3514-8931-4c3b-91fa-dbf65643ffcf,happy
4830b3c0-5cc7-4f54-bde3-ff84b0e17a31,happy
48fbc0ed-cd33-4f5c-9903-19e477891f43,happy
4b0201b1-7633-4031-8108-3405b9e76ae0,happy
4cb1b4bd-e0a8-43af-875b-94a1acf09fec,happy
4d5c7c7c-48b4-4b4d-9a98-54fdffca553a,happy
4f3052a5-0afe-478c-85a4-dc309e541e98,happy
4fa7ff29-f4eb-49a8-beb3-434f86470e12,happy
4fc69336-32a9-4dba-a303-83c14d310426,happy
5062bca7-8002-4572-aeeb-e6d2011d36e1,happy
50f16fa4-501b-4883-8932-fb273238947c,happy
50fc06a1-4771-4142-9e5c-f14cbd4bf3dc,happy
5328df75-2e8e-48f1-96f7-532a9ff1aed6,happy
5337daed-1e7b-45c5-b779-bc924904f062,happy
552b9605-939b-47dc-b8b2-76b56f324b21,happy
591bb746-9adb-400f-809b-fcc297147236,happy
5c627a87-37fc-432f-baf0-8a28f64d0269,happy
5d1ad260-4db7-41a9-865a-69c11776ad08,happy
5e677364-958d-47f3-b6f9-e41ba5d2d94e,happy
60fc39a6-737c-4389-86c4-448829feacc8,happy
623fe612-2e83-4fdb-a774-79e7a8b95d8c,happy
64b741ec-6c99-4907-962c-244c6e41fec1,happy
6710f994-f6ff-4196-b81d-05b4aed0f544,happy
69646ae9-0c2f-41f1-b818-f99ca4da4106,happy
6a1a718f-2268-4ca2-87c6-3102e3e5e982,happy
6f77f0d6-2293-4390-884d-bb49a2e17fe3,happy
6fcc002e-15cf-426a-8039-3a7567331912,happy
70c20106-6120-49f4-94ac-cd78f32411b9,happy
71aa83a3-5b07-4204-8614-98c3274cc331,happy
71b9eba4-ca84-4cb0-af53-0c324fe08c69,happy
74148033-d67a-447c-9b68-922d4d648541,happy
742a3b80-2c9c-4a2a-a183-52f048819b97,happy
7666823e-6d55-4980-b187-e53ea5421d00,happy
777378a4-d4aa-4a9f-8098-e44361063265,happy
781dc4a0-c59f-4a29-8473-f2f9b10f804f,happy
82f10f63-2c11-44fe-8e5d-a3e0bd403246,happy
836edc05-d504-4a60-a545-043940502e73,happy
83f2726a-6200-46d2-9abd-3f9e4832f974,happy
8820d56d-1a9e-45a9-9b52-2b25529df07a,happy
88a7a1a0-6358-4845-819a-c63a9efb8830,happy
89b8ca3e-597c-4e3b-b276-d626d674a3f1,happy
91be98b0-4624-49a3-a689-de2e0f9492f5,happy
92fda059-10f2-4e09-9d9b-d30776ee536b,happy
938cd14a-d0e1-450d-8f2b-c24b1b8354a8,happy
97b6d261-5183-465f-9608-62e4293b1027,happy
9a2e1c47-247b-4046-a2d1-dd87ef6ade71,happy
9c119f38-bc42-4b2f-b595-b5f739cb91d5,happy
9d6ad287-4378-4aaf-b3e7-0b2d0a73b8c7,happy
9dcdf2c4-00a6-409c-acf0-05f6ee4d4b00,happy
9e50d00a-b0df-4a77-9303-d2b499fd13dd,happy
a319cc44-63e4-4081-a06b-997eb0674459,happy
a501a85a-01e7-4c30-8587-d36e66484248,happy
a6ba2ac7-a9a9-4e1d-9b33-04c0918ac0f9,happy
a7f24356-aaf7-4561-a3f1-2e065917ba03,happy
a80d04f3-f941-4053-a537-26516e12da1e,happy
aa156f7c-b9f0-4bc2-a327-97cd3cbbb3f3,happy
ac1adaf4-8240-48b4-bf65-e99142fb1913,happy
ae6fbe8a-d8eb-4874-ae58-e18e984639ca,happy
b20c524f-b280-40a8-aec7-71f08be919c5,happy
b358bd78-3d58-42f1-8fe3-39bb2348186d,happy
b5825347-876e-4e76-b6b8-1a5ba2cf292e,happy
b61e5464-e6ff-492c-be7e-95ca6f2e47a4,happy
b67930a3-fd16-48bf-99ef-eb1dc50de612,happy
b855eea9-ca26-43e2-8304-0e83e3f9b46a,happy
b90c2ce8-87af-48d0-a671-689d04dea9d8,happy
ba602cc8-fd19-411b-8ed8-a4e0713f18d4,happy
c1e64563-6c74-4b40-9a41-3b6079cf4814,happy
c35de005-0788-420c-9842-871de8006bc8,happy
c5659293-1dbd-4416-8031-95a93738e61b,happy
c8ef1035-a2eb-4969-8787-338984cbc1df,happy
ca8eb1a7-30f8-4c0e-96c6-7729f5f2d3f5,happy
cbb2458e-4fa5-4fbf-8381-4968eeca29e9,happy
cc9e88c0-34f4-465a-b046-904b187cf8d0,happy
d253c4bd-dbde-45fa-a388-3a17fa031562,happy
d2c9ebe6-f184-48a8-b910-6c6cac557969,happy
d32b5732-a2d3-4036-a270-64918a0d6de8,happy
d4a814e4-eee6-46dc-8795-b953f8d5a4fe,happy
d6fd99a3-e57a-4be5-b2fc-3952832ee257,happy
d734f154-e414-4ec8-9a00-1467153813be,happy
d995a91a-23fc-4f4a-9689-7d3630712e81,happy
da536670-f83e-4360-becc-9dfec0ac3905,happy
db1487d0-2c33-4bd8-8816-368ab92befa0,happy
dbb7da39-6a11-4ae9-a7a7-4235b9deb2a5,happy
dcc4923f-4e6e-4ee0-a648-d48fc44c897d,happy
de31462b-34b6-4fb6-a73d-44f3e4251cc9,happy
df7320f9-2361-4b2b-8b4e-cd4dac31e3a1,happy
e415631f-9792-4936-8d6b-26f266610fa3,happy
e5038329-ebda-4dd1-b6c8-c5230fb6cc94,happy
e51da0f0-98c2-4069-9714-788a50dcb93c,happy
e633d56d-0c21-4f69-8fbe-ed7b788aa581,happy
e6f4ee7d-2141-4896-b708-3438613ec64f,happy
e9e0b156-195a-4d0b-8944-125d77df926c,happy
ef46b648-1fc7-4557-adc2-d3b477aa716b,happy
ef720452-729b-42f8-b4f4-ce7fd251304c,happy
f1271e7b-d4d7-4746-80b9-e8ede87cc70e,happy
f39fa4bd-50b3-44e1-80e8-b795829a16af,happy
f4b9b70b-fb96-4f9a-8b29-51d3390b15ac,happy
f7f7791c-79dc-4c16-a99a-5d8d00f08570,happy
f8633ac2-2a28-4954-8459-4b43f17c2257,happy
f8db3677-55cc-4b9f-824b-8280f9274fc6,happy
f982ab88-5e47-4517-ba96-cddfa1aeaa06,happy
fa1c0460-9374-41fd-bad9-756ea7cea754,happy
fccab5cf-935c-458c-9f97-85a448cc81ef,happy
836a3f46-8f27-466b-83d1-29931cbe50f4,happy
84f5e49f-e1f8-4d97-b313-32aac570eb66,happy
82fe2843-d3b0-41fc-a7ad-3acc18933212,happy
8bcefcf1-664a-409c-9a7f-2ff9c37fa011,happy
8c13e038-8168-41bc-86b7-bcbac2e0d88d,happy
8f9da1f2-994f-4069-8d51-3a16a440e8ea,happy
80737f8c-5adf-4a68-bcaa-d3e7bbcc2e3e,happy
8a92aa10-c39e-4e0c-a5a4-47f0c5d1c514,happy
8cf8bc21-f441-4221-9b7b-a066eca4471d,happy
877c9f05-55f6-4ba0-96ab-8162ca534e0d,happy
8ff40f05-0f02-449e-af89-e28fbe3619a9,happy
8d436d2b-4643-4fe1-a894-564f306970c9,happy
8f561777-6c93-439c-8e60-16f44e2db5ad,happy
8417ac27-57b8-4160-b07b-32772bd897d1,happy
b01f57e3-48ed-4cad-ab4f-c2d49821c509,happy
b7d207eb-99eb-4afc-9ee1-64700705376b,happy
bfbaaa89-a552-4aca-b569-c7b4dafeef5b,happy
ba00d3c5-72c3-41e2-819d-5606a8394c81,happy
b8bf424d-00a1-4b69-9c61-91528e2100a6,happy
b0424724-66af-4ec8-bd68-f165d9af2422,happy
beaadcc1-871a-4f49-a5c6-6332b48ec928,happy
b54f79d8-f199-4d19-b8e9-7a56b62fe8ae,happy
b0aa12fb-3838-44b5-a5a8-8574372aeb38,happy
bc00e51f-306b-406e-8d23-5f0ca3e42f8b,happy
b7cf9595-5680-430c-a42f-8e1f544217bc,happy
b1834178-d9c9-4802-8d64-b6679c6e4f01,happy
b010fded-4e03-44e4-9000-ae5196ae1aef,happy
bac3a4f4-29ef-453f-b31b-fb70ca4eaf9e,happy
b46f4273-e826-46b7-9e33-250b232704e6,happy
be8ba0bd-7427-4d4c-9dcd-acca0c5d2102,happy
bb6cfcd7-ccf7-4141-a980-f19dca19d89c,happy
bb321b5c-42c1-4d13-b11a-a85dd5f33055,happy
f8243f75-ee90-4a51-b0eb-8c4b4f08e594,happy
fa9278e6-f941-4f4d-bc2c-2fa0cecd4bd3,happy
f7d7cf37-c4c5-4746-b1e1-e5bb187b499a,happy
f8edeb06-7af1-48c4-a5b3-776754f9ee11,happy
fcc3e0ad-3fc6-491b-ade6-2de48b264198,happy
f3101ae6-3857-4391-8429-73072910d82c,happy
f3645a07-9396-4482-a8c4-c722aa262436,happy
f0f3bf1d-2e51-419d-9f40-0208bde7d328,happy
f2d867ac-30e4-4259-a018-0f8b7d178d89,happy
fcf94c0d-ec42-41a4-9056-974157b490a6,happy
f7cf1a0e-2688-4018-9945-a317b9429bb1,happy
fa45f6c9-5a3a-4bb6-a7b3-f7db99e8ead4,happy
fd9d94cf-8400-4e5b-9fe1-414528acd9d8,happy
f92a460e-6144-45a1-a668-42468b42de2f,happy
f973ea1d-3841-43b5-a87e-5de21fdb01d6,happy
f46281f8-304c-402e-8797-459d1ba5da12,happy
a574a6bd-e30e-4653-93a8-5361a5495297,happy
ac118a1d-6dc4-4095-9fee-2459502ee894,happy
a5d74dbf-7c5e-48b4-86d4-cfd33d26c7db,happy
ab75e4cf-5df3-4a07-a80b-03668433b7aa,happy
a604c3db-7b15-48c6-84a4-41e1c9ce1489,happy
ac68b62e-4d9b-4b98-9743-810be47342bd,happy
a211669d-a34f-4313-b1e9-a9cc21a4be27,happy
ab7e7735-2021-48bc-b943-568a8e216a2a,happy
a78fb317-78bd-44a9-ad0a-7934b795e4d9,happy
ae7f93a4-5ec9-41be-b52b-8e4281df0387,happy
a9639ec4-3efa-4714-85d1-18e51dbc4b31,happy
a8ce0147-4ad1-4e79-825d-78e68f8d014a,happy
35abce67-caaf-48e0-b216-b99436995536,happy
3942db63-c178-4fd1-9a59-5bdccd6b004b,happy
34a1f730-09ed-4aa1-a6c4-81db80b87827,happy
3fe37e83-6e97-4dcf-ab0d-df1c00b22234,happy
3a03e52a-c3cb-4426-8b73-d0ccb77e2687,happy
3f65220a-4ad6-42c9-8f9b-5441cc7b9d79,happy
3c07a3aa-584b-49c1-a9db-370c32f677fb,happy
3afb82de-2c4c-435f-b97b-136adf435eb0,happy
38a7eede-0717-4b56-b56c-93b3408dff3c,happy
36218581-e1fe-488c-961e-445720f1ea2a,happy
337ab318-acea-436b-b85e-65a1b925f383,happy
3b4a3bd3-944d-45f4-ac92-ab72a7448ba2,happy
3f8438d6-d0ee-460f-a885-88bf9276a516,happy
3eaa3df6-4f84-4dbc-a1af-3ea350ed922b,happy
32f00909-e30e-4009-860f-c1e1b2418ddb,happy
7b5748f0-ea4a-4148-8010-c862abe8647b,happy
7a51c443-2641-4bee-b461-bfe8eb961651,happy
75054a24-5b2b-4068-983c-ff69719f9810,happy
7d0358a3-b50b-4de2-a447-b42de62956f1,happy
716f6853-6f7a-4fbb-a3cf-f22eef1aae24,happy
7f2adac5-956c-4fc7-87c8-2eb7db5e775a,happy
7eadba57-1b45-4cca-9d26-c801202029db,happy
7e7f96ef-7f44-4690-b3f3-48a142e9e710,happy
786c3a7b-7258-4eb4-b51a-1335992e2db9,happy
7cb4a8f6-f04c-4797-b4a9-e09566407588,happy
7d4844ad-fc1e-4491-b57a-e7f925cbd53f,happy
7bd67ca4-1e6d-4e5c-9ce4-b0c8f4d5809d,happy
73f5aa27-d81d-4d03-af1d-7aab842f43ef,happy
7a82d18d-6964-4fd1-8c6e-85f62b5058a8,happy
720ff6be-99c3-42b4-8d7c-ffc3991b3cb9,happy
7a4fc8e1-5deb-4c79-8aab-1efdc96393c8,happy
7f05faf9-ef0e-4811-95d8-2be6bae8cf1a,happy
76ba959e-61a9-40a8-920a-fc4a10081c34,happy
7c36b9b0-d6fc-49c0-b02d-b58d7aea2a40,happy
75b5cadc-6ff2-46e5-ba17-563820d66f93,happy
742a52eb-21fa-40cc-a268-ec3637caa2ab,happy
d249870b-b85f-40b8-8111-1adfbbb20ef0,happy
d3ab801e-b96d-48ec-abd0-2f97fb83f11f,happy
d23e7d5f-21a7-4ff0-b419-7e9b2e105f0b,happy
df4793f2-27c6-483a-86cb-fe5d8a26d4c7,happy
d25e0501-c465-4d90-8a44-8dc87b41a856,happy
dea8e248-1caa-4c95-a891-fdbeb396e7c0,happy
dc2e9589-640c-4f10-a008-f8d7e46d8832,happy
d5fbdf9a-6614-4110-899f-bc9239fe8b30,happy
dc5741c4-b123-4825-8c33-0b3042fb1599,happy
d108d506-2c23-494a-b2dd-6608a8f8ef37,happy
ddcc01e8-6c8a-4369-bdfc-05b2a991efa1,happy
d4d1a5e2-96d7-437e-8c77-f34ed5bc8ec9,happy
d5654197-5cfe-4acb-b0bd-dd66468fd241,happy
dc207ed4-a4fd-49f5-90cc-aa369ea40b85,happy
dec365ed-576f-4a31-9204-0a5d4aa191b2,happy
d1217012-4f95-4957-a0ae-f79e9a82cdfe,happy
dfb7d370-f3f4-4cdd-902e-df38c866bfce,happy
9eecd726-f9f7-4b94-9b36-55e943488c21,happy
9d5d32c9-a839-4504-8546-e3e138d20da9,happy
9e5ba345-dd3a-40fd-bac7-3a778d10cb2c,happy
9ea0039d-91ab-47ea-956d-429700a49e67,happy
93327b56-464c-4b61-b284-08da245620f1,happy
9fd96aa7-f66c-4ca2-b255-402eec92f102,happy
9c984dc1-cde0-4916-815b-72e2347a6d76,happy
91c74a90-1667-4d8b-95d2-5eb625e3430d,happy
9cbb864b-0b64-4f3a-b29a-fc57df35fc32,happy
92cb98c4-a2d9-4c64-93c1-8c7c6648fb9c,happy
9c35e55c-2281-4f44-bfa1-7227c7db8d32,happy
99a21e0c-15cc-43b0-a756-efaad77b7dad,happy
9f71b678-8b0d-4a2e-906e-3128e1626373,happy
9828b2da-b2b9-4dde-8cd7-00dcfdb6032b,happy
924a3970-4e7d-4dbf-a6f1-f04e02368360,happy
954a76b4-7c3a-41d4-9872-c705178903ab,happy
90799e2f-7573-42d0-b716-758b23630b67,happy
9d6f587d-8fd6-4c58-9168-3054cd4ecad2,happy
492e64ae-9404-42d6-a4e3-64ddc858520d,happy
445a4953-238f-412a-8f33-7f171b243542,happy
47e851bd-accc-4f79-a9a9-5a3ce366682c,happy
487cd923-25e3-4717-861a-5dfa3ea83c00,happy
41eed1d3-babf-4360-97b4-0f420d7b0434,happy
4ed63515-65e3-4c2d-aca5-eef4facd4452,happy
492f96fc-6141-45f9-bccb-2db2076a467c,happy
48f32ccd-664e-453d-bfe9-35848cf656fd,happy
47470c0e-ec3f-4932-9524-76927c97439d,happy
470a72fb-8663-472c-b1e6-00d53404b3e3,happy
4cc78008-aa76-43c4-a70d-d8c3b7bb4c6b,happy
47a2e4d5-4135-442d-90c5-9e6e14f48a7e,happy
47c3e381-7433-4818-a955-7e3dd60085e3,happy
49c2f485-bcf2-4e37-aa13-ba7ad0dcde37,happy
4d83206b-5c96-468b-a278-4305e7587871,happy
4679d415-5bab-4bc5-bf08-81c3f32784ff,happy
4cc2bc71-7270-403b-a36f-b03f1ec35e10,happy
4c3538a8-68d8-4a77-acd0-5b1f21fa7fbe,happy
4b0ea870-cb9d-470e-a690-ded329649fc1,happy
43914943-459d-40a9-88cb-e908a930a5e3,happy
e26a4230-72bf-4fbe-b86b-2f045ebb2cb7,happy
eb5bcb88-3c3a-400a-b63a-400564113934,happy
ebae22a0-da01-4125-85c2-184af8afb47e,happy
e8d67a08-64df-4245-a956-9b08ec01a44e,happy
e77221ef-5081-41cc-96ce-c0f72c540d13,happy
e13df329-d211-4eb5-916c-e3c2aafaa2e7,happy
e6338a74-bc10-4a0d-b7ae-24fbf3aaec43,happy
ef0840a9-2411-4705-8b42-a21a1277a19f,happy
e9a4ef5d-34ed-46c8-a50d-282ac3ccd448,happy
e424be63-55f8-4965-b8c1-2776f634eba8,happy
e6b03708-aa4d-45be-9268-e06af6b6845a,happy
e33261b8-9e60-4f00-aa96-33141f99db1d,happy
ea383572-0d4b-4c5c-a32f-5af898b4378b,happy
e8b2c5d4-b942-48f1-8580-8b81858dfcf1,happy
e8e57c37-c196-4acb-8f12-0b7003a84dae,happy
ead60ce1-729c-457a-b11e-4b97c097b233,happy
e4000258-6cde-4e33-8dcb-786928300a6b,happy
e45a97e7-3fd8-40a5-8975-61a7c8040b6d,happy
ef2bf6a9-5d91-44f3-8c80-726a8860aed6,happy
04127aa4-6845-4da5-bb02-df38b3fccc37,happy
01c8910e-6d9a-413f-aef8-5b1d94cbfccd,happy
0965a17d-6aa3-4ab8-9306-cc8c019d7bbe,happy
0e4052a7-78d5-4f7f-a646-da257fa64d65,happy
015969e3-4656-4f37-85b6-463689b99541,happy
0e6f91d8-935a-4e74-9292-6b89de2a0490,happy
0c5603e5-718b-4192-8937-89aef8d412d5,happy
0b8f14e8-7793-4b41-ba19-102023da09a4,happy
0664a93e-543b-482f-82b7-c223ef93b5a0,happy
04301516-fa63-4f54-9df8-5e1a3281b080,happy
0a6fe32c-a1f2-4bcf-890a-f9a06ad1a967,happy
0a7c4807-ee73-4531-b40b-f2411cec4449,happy
040de0ff-5026-45ec-8f83-62c1b68af8bd,happy
049bfc89-16cd-4dcf-a9ae-3266817c9a64,happy
29167314-634e-4a8e-89ee-7ea026bee2b5,happy
2ded81b6-0c10-4891-81c7-5f841ff8be1b,happy
289b064c-c178-4cf7-a5f8-65b471e02d34,happy
2438d03e-c7a9-4876-be5b-ad260bc5c027,happy
2d9d5d11-5982-461f-9fcd-4b7251a29a4d,happy
250ddcf0-33e3-4cb1-a67f-7973451e74b9,happy
2c757a69-a81f-4618-abc9-cac6a07c6e92,happy
28449b7c-6d77-4b18-9eeb-d306bea99746,happy
2c9fee64-12e6-4cfb-8771-8360894f7215,happy
2207f1d3-3b4e-49a9-853d-6795f312478b,happy
28724978-a011-4202-9d3f-474b99938a11,happy
29e0acbe-5dae-4a4c-a7fa-3eb8a8741d61,happy
279c0806-061f-467b-8518-db0329ce2750,happy
27f1473e-d285-4d63-93d5-efb5d8f51e63,happy
2439db27-7952-4017-a794-d57609417c02,happy
21047249-7b3f-4651-acca-246669c081fd,happy
2f2a7c28-4f59-46b7-8a41-a133880b6a98,happy
21664467-2453-4867-8a0e-fca8826cd054,happy
27e6e3ff-20c9-466a-9e17-9c23736926df,happy
2f348cd5-d98f-4d66-8dbf-74204c420128,happy
c9d558cc-a259-45c3-92a1-3ca030841081,happy
c44c0284-ed12-4eb2-952f-74779accb10f,happy
c48ff45f-fe1a-40c1-991b-d317f39a0420,happy
c5f5c6f4-abd3-46be-97f6-13ffb487b665,happy
c974df91-798b-403b-ba91-e7e36b87473c,happy
c2fc57fc-2529-4cc9-935b-12327b507615,happy
c875f1cf-9c3e-4f79-9729-ce3393047c80,happy
c8d9a195-82a0-45f9-ba84-57997a47e4f4,happy
cf7560ed-03ec-44d7-ab41-5fb8d70e2b60,happy
cba2d0d2-3d02-4a7a-9361-9732da36159a,happy
c73707d1-236b-4792-900c-f60f76e42a66,happy
c1801986-157e-46eb-8330-cd513b87e222,happy
c2a3f2b0-4b27-406b-8fae-53d162028427,happy
62bb733e-c8af-4c9a-9a29-77af36a1b251,happy
6bd66905-ab84-47d3-a0d9-a8922d55e492,happy
69cd26af-224a-4b0e-ad04-482458e903cb,happy
6edfd444-30a8-43c5-b103-f1c53e21e463,happy
63592039-568d-4441-abb8-4dfdebfc05ad,happy
62df0cfc-1573-47c7-aee7-297c3531aa04,happy
632798b7-1603-4b35-a9c7-afe4fa692445,happy
6244ddb1-b49e-4d3a-93f2-7094a2a2f804,happy
62fbd78b-c648-4351-896e-e2343ca776a1,happy
60fdbdd6-ab09-4d11-9eb5-34836347b89f,happy
6f1e17aa-197f-40ff-8f20-e981b38bc212,happy
62b10b0c-e274-48a9-a7f3-456118249625,happy
6068e545-2f8c-4ea4-ae56-e40a6440f02b,happy
60691cf7-e42c-4cf2-83ea-d5f9683672fe,happy
68929e7e-292f-4976-9ea2-b2cd69fa8d23,happy
6a784be8-a6de-40a2-8673-d0caf83e0516,happy
6d94ac5d-5ac0-4ee3-951b-7103beb1549a,happy
6a04c379-ae8d-4236-b132-b745ee560bbf,happy
6a0ac7c8-acfb-4537-baad-fbada318dad5,happy
6de2e124-c4a5-4b90-aa01-f38ef7d12ed8,happy
6c267ad5-e2ba-44a8-8882-a4c2879b7768,happy
6af8ba0a-e50c-419c-b1f8-c3ab558ea3c1,happy
64cfb0e5-2a6e-4b3c-bbd0-9c418cbecb94,happy
6a78e324-cf8e-4915-9a2c-706133ff3e85,happy
60d8a2dc-3be3-4d89-addf-7a890a760f67,happy
67ed864c-ff5c-4906-83ba-8a9e8486531a,happy
5a1f889e-bd96-4929-ad45-e9f0b400ef50,happy
5063b713-159b-4415-ae75-4b553a7d9b05,happy
5d86b2dd-601f-4d88-af05-890f3b786571,happy
54f6b49f-8806-42e4-aba8-a65d356d2584,happy
5db7bcea-b7ff-4d96-b055-f36e48fc6caf,happy
511dc5b3-9b9f-4850-b8c8-cb2543ca901f,happy
58cad847-5c7c-46ca-aa0c-c46047f1a9f7,happy
54c48789-4662-48e4-aa30-643117ba66a0,happy
56b5677c-5a30-4430-9c73-a9b5e9cbf751,happy
5bdd24d1-b122-4975-be4d-f7c861a09bf3,happy
5f1604ed-5c6b-4a85-8391-15aa61ae7f98,happy
58363bd6-904a-44c1-865e-d99fa327c619,happy
5e16a95b-327f-4d16-86ad-a3190c269790,happy
51585cbf-3554-4266-bc81-3185730d8067,happy
56143777-2ef1-4be4-8627-767b5a470685,happy
565ea1e1-2f00-4d95-a2fd-35d9048dfe3e,happy
5dbc55f5-427d-4a74-a165-43b3a2a4a331,happy
1b8ae744-8703-42d8-9850-784b2aa58656,happy
132eb957-2f11-49d8-858f-b576f93882b9,happy
1887cacd-6dfc-4b98-a65a-b4763c7d62be,happy
154d058a-5cc9-41f1-bc1b-58ba37107f82,happy
180ae797-b923-4576-b28f-e50248a4d1b1,happy
16a30371-9e13-4cf7-a32d-7fed32cd8745,happy
15668025-2d1c-495a-a059-5f30b8dd54b5,happy
15ada349-6c3c-447a-8e63-e7b6e3030c97,happy
1c39630b-ff63-4477-ac9a-8541c7bbf4b8,happy
11200f19-d061-4ea7-a50d-066d27904952,happy
2c2629c3-49aa-4840-92b9-0fd039311937,happy
97de0546-a275-4bf1-9f54-2410ba23f4b8,happy
0826342c-6c5b-44d5-a8b9-fa44921cc37e,happy
248c7ba4-52e6-40b5-b7a6-1a9635f65c3f,happy
2d7d0b8a-2498-4a29-92f9-493a6673d944,happy
72c75859-6889-4446-b881-d801c5c5fad5,happy
a0f75427-9f46-446d-b60f-2ff5d1370236,happy
feef8e59-8fb7-4f82-aa56-f0e883b4ce42,happy
f6e87544-af86-4503-9225-8f601a2e2e64,happy
ffcc1b43-a189-4125-93b5-e91270ec32cf,happy
afe464c7-cfd3-4ff5-b014-776d2577b5f4,happy
3c59e257-d4af-4826-be7c-1e5e4dd78d13,happy
9eb1daf9-0587-4eeb-977a-a5a5a8892316,happy
e37b3650-5078-445b-89f4-b927d46da2d3,happy
4e984353-bd27-42ba-8ebb-b8a1d278640d,happy
a382b481-9d77-477f-9cc3-4256fc1902b6,happy
c5c3dcad-2cde-4cdb-8b4a-9322f1ad6b4a,happy
641fdd62-b610-4be8-8b8d-ffe810825463,happy
2c6552d2-ac7b-4c0a-ad82-7fdb74ef7607,happy
7fe59343-77d8-41a7-8a96-1dfa2b7c5aa0,happy
0ed475d0-dd09-4c8f-8834-20a4bfc0b4e9,happy
01471832-f446-43b9-be53-ce344c0c5134,happy
053b9afd-cb8c-41a9-a887-6cf63b70e981,happy
0541bbb2-6057-4762-af70-a39be6980fb8,happy
06c3d58b-2f48-4032-b710-63d4b77163ce,happy
073618a8-b4da-4d0e-8cb8-14aa47dccd0e,happy
082f5909-5a8a-4115-bb9d-2ebf66958cc1,happy
083db65f-618d-45dd-87f5-40dadc7700e4,happy
0a0125f0-3e5a-4a0a-8988-47f6dee626f5,happy
0ab1eff6-d2fe-48d2-9847-c0511d383422,happy
0d6e8f2f-5fce-4f0d-beba-4a5df40c4e11,happy
0d84347e-6c24-4333-981f-61e664dc576d,happy
0feac0a0-7534-47ef-8c58-0971d862e7e8,happy
1027c243-d9c6-4387-8990-001e8cab739f,happy
10710004-f92e-4140-86e9-5d345a7ff74e,happy
117b4eed-2257-4e91-a4eb-21c50ce883ef,happy
12581c58-006a-44f0-ac0a-18d6190cf1d3,happy
13361c81-ab95-479b-bc2b-919cce779da3,happy
145832b2-51b9-443d-875a-c48837e999a9,happy
1572f2ca-f14a-4970-a9a3-1004e355e5da,happy
166cff6e-96c8-496f-b29f-2be998db273d,happy
167b1bad-1dbf-4808-bca4-2c91b408374a,happy
16c1a170-6362-457a-a4ed-47e8bf44780c,happy
179434fa-66de-48bc-bbf6-b03865164e31,happy
17fe2f77-9881-4b34-8889-b8a0030a0859,happy
18cf6462-907d-4c83-86c4-d5489fc52076,happy
1a0adf7e-efd6-4497-aed8-abc1abe9d2f9,happy
1aa34754-8223-4745-9dbc-030b4c8fa4af,happy
1acace10-134c-4c91-a87a-cb8314d50efd,happy
1dceb566-5ed8-47bb-9c54-d4c45e60d2f7,happy
1e086a56-38a6-4360-b359-96bfd5dec3a9,happy
1e0b078b-e49e-4b28-9280-47ec3272b3ad,happy
2165deae-8568-4ed3-81a2-8de182113d29,happy
22b603a3-1685-4b5b-8401-3ccb03dfd762,happy
24f40bcd-b063-4131-ba4b-9c0ab6847045,happy
2502cc18-919d-4f4f-8f97-95b74cc4a27c,happy
2562820c-2a62-40bc-83de-f096b3d23087,happy
277ce343-ef74-4770-83e6-0f119244fd4d,happy
29baf55a-d929-4a39-a136-c76267b8a089,happy
2a22670d-07ee-475e-9fa8-da4e6dcf10e2,happy
2a2b03b9-a87c-450e-beb6-ca299b66cdc6,happy
2a7e18ce-d436-4e08-8013-657a8c803003,happy
2b8b0849-d08c-470f-b5c3-6c5a48158c15,happy
2c0b2787-307c-49e9-b2e9-5b1ddd6e713e,happy
2e20c6f6-53db-4ece-b1fa-53b85c6f98f0,happy
2e4c92c0-2d92-4a12-8fbf-66258cd238dc,happy
2eca0f04-261e-4aa7-a83e-0d01d5909d8f,happy
2f3ef08a-2814-4cc3-b04d-b9b3e5ddc8d9,happy
2f6793bb-df0f-4a0b-8e99-11c180cd32d2,happy
2f684c37-9045-4f91-9ae4-c1e784159cdd,happy
34a3d5ed-5700-45af-8506-2036ca80f28e,happy
34d333d6-74ff-4e5a-9a56-17742195b338,happy
361711ac-0cf4-468f-9853-a1d104559416,happy
379acdcb-3377-4cda-a306-7614fcd5e454,happy
39050387-eff0-4200-9efc-9422f547701c,happy
396ed27a-4d4a-43fe-ba17-491da3cd2409,happy
3fe16abb-0a6b-49e2-8f3f-15d5f4299bad,happy
4297fce3-6232-4e62-90d8-a5fa9ca2b6a0,happy
432bde8f-1f56-4497-b984-c8ac45cecb40,happy
43c80af6-8ed6-4030-ae34-3e5a1ecbe685,happy
45138f96-55b5-400b-8665-8af4af9000ad,happy
453e9897-3507-40e3-8882-18c4bffc6000,happy
45a950a4-4b57-4f3e-9500-fd3321eee3c3,happy
45efc4fc-373f-4453-bbaf-7e61cfde47a9,happy
4672c57c-63a2-48d9-8759-70016d677aab,happy
4a70fa5a-1cbf-4e8e-82d6-00e2395f6d85,happy
4c62c459-16d0-47fd-93eb-1d8fa7f76a56,happy
4d016d41-7365-4b9f-b266-47cd10461fb8,happy
51250aaf-9b41-402c-97f0-024e9783020c,happy
5162d378-44f4-47fb-a66d-6b1c17d431c8,happy
561423a0-0526-4f59-a952-33f9486e892f,happy
561536c5-6e77-4c3d-b82b-3e436210daa4,happy
5863d1e2-4219-407a-988d-3ec8efe2183d,happy
5b76fe0b-277a-4a03-9658-f5978d99ce28,happy
5cdc7934-ef27-4bc3-b413-afd0656a0d40,happy
5fc2fbaf-59ac-44e3-96cb-35a34a60d4c3,happy
621e0ca0-a825-43de-84ba-04beffd37a4d,happy
625699d4-a7a7-40da-8ca4-cabfefe3df0f,happy
62ae8d8e-2352-4680-98fb-fbae837bb8b1,happy
63c358c2-cc9d-4b97-a889-78b2febcfaed,happy
65adf86a-9ff9-4157-836f-6e03331cff59,happy
65cedc54-6aea-4af1-9f3a-9f83f06bcb48,happy
660d40c6-200b-4227-a969-70fa44df9c86,happy
68349cfc-e03d-4bea-8376-110e6d56afac,happy
6a0c40f6-0b97-4bb8-8388-77e97f5bb264,happy
6aca23c9-9960-41dd-8361-8cdb04ae1fca,happy
6d2ebc82-36a7-4515-a5c0-b7c1fb3c4aef,happy
70c40982-003a-4147-ba54-10511d74326c,happy
719c8976-b0ca-4143-843a-a36c10c0aaa1,happy
734c2b53-90fb-4053-9957-07f9bf4d0569,happy
75a79609-a78c-496b-a420-f51342407817,happy
763eb4de-6881-4eac-9eb3-9b1e58a44191,happy
78d8036f-9576-4347-aa9a-27e7e604195e,happy
796440f7-b6ae-4553-809d-8317174eb903,happy
80dfe5c8-184e-4a10-8c53-f27e4869c99f,happy
841f6596-df79-4cd6-8333-61b46912297f,happy
84635af4-3ae1-412c-abeb-f8ab8ae11887,happy
861203a2-bdf6-4f76-a7bd-10e4d9f211cc,happy
86bc02c3-b519-4199-902f-b93d6d5dd833,happy
8a587c1a-f685-4f5d-b2f5-3df7998992a4,happy
8b86e0bb-c970-4a80-ae40-4e844cd0095f,happy
8bf91002-a6c6-48ba-b2a6-70447abdb3f6,happy
8c4bbeba-ef16-4a75-91ec-51aeec8ec842,happy
8eb5fffe-db25-4e23-94ef-0ab1d3397df4,happy
8f37ef1b-81f6-4c64-8e46-f35f6c0a35a6,happy
912898c6-0aeb-49e6-a771-b15e012c49c9,happy
91f09f5a-539d-4083-a890-a5f758c57bdb,happy
9200f99f-1819-4836-a9cc-89076aa6c593,happy
92249736-8151-4bc4-9e52-f787f34f643c,happy
9239ae62-b0f7-4477-9596-f5c224ef47ad,happy
92f90a53-c949-489e-b932-0631abe67cef,happy
934ea361-31b2-49cd-8094-c61ae32e9106,happy
9370473b-08e7-4cfd-b594-9289a3adcfd0,happy
9576140d-8935-4e5a-88fd-09c077eaf3d5,happy
98bf3fdc-10cd-48a0-b816-57eef760f865,happy
996fc395-d079-46a7-9553-d470432e4a58,happy
9abe4d44-a4eb-42b1-852d-4f081caa2bb9,happy
9c97204f-1c16-4734-9861-d9b2178e5931,happy
9c9afdc6-4d93-49e2-a687-d00d4e211b42,happy
9c9ea284-b40c-4324-936b-f3037b22784f,happy
9cd9fe71-a271-43db-9a0e-f10f59e558ee,happy
9f5dce5e-aae2-40c1-8643-f25c64467cbe,happy
9f75c9d1-2370-4984-bb58-d876fdbf24c8,happy
a2500789-0166-4542-8190-c571abaa3585,happy
a3c3abc7-679b-4cb7-9a14-26e67e5af361,happy
a408a132-15a4-487a-9d57-93950d828c17,happy
a55be78d-a1c4-428f-9e9c-b1fbb81e6d39,happy
a59a5391-754e-4f4e-9ff3-5fbe894fc263,happy
a5fe1655-f5a4-4a77-b7c6-d2c83bc8b415,happy
a6233715-3ac1-4be8-b9d2-a5b7c2207ca0,happy
a7656577-0790-46b2-a0cf-23d9159421d4,happy
a79c55b9-68b8-404a-9261-89f3ce74b939,happy
a98482c9-c014-4ced-abf0-152790c2da4f,happy
a9edabed-bde0-4501-817b-1285a67a9acd,happy
aac0f708-cf18-406a-89f7-6735316cf083,happy
ac6b5bf4-b4e8-4f83-99a6-fd317ef0e126,happy
acfa7747-aa30-46cc-9820-e0218ab137e1,happy
acfc313f-0d85-46e5-9784-dfd93e14e908,happy
adf1109b-3ab8-4e71-a77d-b6709d64cae0,happy
af34e6be-a13f-413d-a272-1c1c6845cf82,happy
b009495a-f9b5-4287-81fd-c54efce63e10,happy
b0ed821c-b461-4e2d-8456-0598c3f4c513,happy
b2005b40-183f-41e9-997f-3bd0c532fae8,happy
b266e2ce-bf84-41df-b3b8-2bea6fc92863,happy
b3b2cff6-2c39-45b4-bd12-4402e894d5d7,happy
b43aaccc-e795-4a63-ad8d-6c8e09b271e4,happy
b4c146e1-02c4-4142-ac04-fb753f5058a7,happy
b4d14906-f041-4395-b5ff-641d96bc8eb3,happy
b560e077-f305-4ded-9387-4f5dcf0f93fd,happy
b642887c-a879-4c41-9998-bb255f19ad46,happy
b70a17a8-1e3b-4b74-a36b-d3ff2fd931e0,happy
b75fb750-53f4-4089-8db7-3efc3609a487,happy
b801eb79-08d1-41ec-852f-7a3f836aaec0,happy
b81b0aba-49c4-45ae-abc3-29d44744a8ba,happy
c06b4bce-6409-4c7e-9127-a9d546e459d2,happy
c2d9c346-8079-4022-a04e-264f4c4fccb3,happy
c33985c8-e65a-4337-8f2a-2a3b83c624e3,happy
c59cc50e-fc0a-442a-8723-23cacdd67734,happy
c68a9289-f13f-442d-84ca-d96c2fee5c7b,happy
c6916390-216c-400a-8558-62f7ecce87f0,happy
c8fd1ff4-4fba-48a6-a4e3-4f676af19c0e,happy
c9f986d5-be54-4680-8aa5-33ae49a25416,happy
cad886c2-141f-44fb-aabe-ea051da4e963,happy
cbb908d8-6626-48f9-948d-cf4ce777657e,happy
cc35ab7f-0d83-4646-9755-2e592438fedf,happy
d0830f0e-337f-4238-b61c-dbcf8ee5048e,happy
d0a10493-bda5-47ee-88a5-c7887473c5db,happy
d0a578cd-b1c9-426f-888a-e3b6eaf7b3ad,happy
d311a7c5-c7c2-4e87-ac75-ccc563a542b7,happy
d4a4c7ba-580f-4638-b9c9-1f2f29790c44,happy
d66f3f1f-7775-48ce-94ae-56e830da8f4c,happy
d9de8d52-fce9-4314-a8d2-6fd7ffd83050,happy
db6ab9e3-3f48-4430-981f-a6b83602c656,happy
dcc3a7e0-65ac-408a-988a-c03b2f181193,happy
dd80787f-0ad5-4e3b-9143-17c1b1a7de4a,happy
df8063e6-6c80-44e6-a90e-fcb90845796f,happy
e28e51ea-cfff-4e9d-a1d4-8eb3e9ced5d2,happy
e3f0bc14-7a07-43f3-b866-6836db77297c,happy
e484c106-62f1-4d45-bb9e-5bc4c16b15ab,happy
e52b45be-c3f4-48d1-85fa-8370b50f03f3,happy
e6175130-a1a3-41ca-b9e5-808a3cec4278,happy
e7d127d3-96d9-4dbd-a36c-8c5d1894b341,happy
e8969c8a-f349-4517-9660-56eda6f18f99,happy
e9231cbe-c016-49a2-82de-a41056da4dcb,happy
ea066366-5d30-4a67-be7b-b65820b9f37d,happy
ef04e49d-b27a-44b3-acc1-d6ab6a9da62c,happy
efbbf17c-7553-472e-b546-b45abf4ec5ed,happy
f198deda-b097-4022-8e18-8532f7cca7c6,happy
f21d4d17-7187-4b10-b36f-914cadde091a,happy
f25b70a7-66db-4910-a0f3-d8f96de02cb8,happy
f281dd9c-8999-4fed-9c9e-b766392ad15d,happy
f28a3f72-de6f-44a0-805b-16d90b80c391,happy
f6b5565b-32de-47e9-ba49-958c5308e9dd,happy
f727cc25-0100-47fe-99e9-36be99c5ca35,happy
f74da426-8386-44cc-9d50-79c027e7133b,happy
fcea2971-9ec0-48c0-87d4-236e4b55b350,happy
fe2865ce-6dec-4eb6-a43e-d0e1d72e450b,happy
ff56993b-3310-414b-ae76-0af798e00deb,happy
ff916a3d-5796-4a07-a6f1-234b09363a34,happy
874b5017-2863-492d-9ead-7e80fb519899,happy
85806a16-96be-41f2-9a3a-8f1a138f47da,happy
88d738b3-ddef-408a-8328-7d50d8983fa8,happy
8e20739e-0dcc-45b7-ad13-6b5548f0523a,happy
80336372-9ce2-47f6-bf12-b328c3f9059a,happy
8f2e4f1d-3949-481b-be25-29e806affc49,happy
86497002-78c5-4689-830e-601dc7be9504,happy
3fed8ca5-a81b-407d-b52c-ad43d08b2c8d,sad
4957ee1d-2fd0-4935-9949-58e670949026,sad
49d19de1-991e-4841-b71c-ddc1c4a9940b,sad
a50eb062-ad7d-4861-8096-ea2dc8e26278,sad
ef40feeb-c94b-44c1-bb73-12f63d5e84ec,sad
4993a275-f572-4e5f-a32b-982e5d8af8ca,sad
5f979031-3215-472a-8550-00237f85ea35,sad
706f7476-e937-4880-9fd9-c8b393f700d4,sad
a0ac0678-8aac-4b28-9c4f-01be9fe60481,sad
f9ae1691-70a1-42e0-8cd2-bf9d6a2fef4c,sad
015452d9-1f8a-4ae0-8472-1533c1ba488f,sad
02ce5040-35ba-4e2f-b50b-2705c4cff13b,sad
035ba829-b45c-4d1b-9d33-2ca163800f31,sad
03b6fde8-c403-475d-89d5-92562271c7b0,sad
04246cb0-62ff-47c9-b517-584405f4d085,sad
054a90ab-439e-4149-b69e-fe76a5c517a1,sad
06cecba9-d942-49d8-a4fa-6e5c5d5f5f0e,sad
099c89c0-f35b-4e25-a666-a73eaa0a0336,sad
09c4e7ef-e21c-4eea-b593-b1f5c135d3a0,sad
0a8afa7d-5d68-49f0-8b33-87390293a908,sad
0b897c4a-9814-4311-b423-f2bb72a9b7d7,sad
0cd35859-b609-4bcd-8e78-ea5615240d78,sad
0eaaba6f-6ee3-4265-9df9-cffd806d0764,sad
0f41c8a6-fe59-4ca8-9a13-480fcd57f30b,sad
10129849-607d-4650-8edc-74839252ab23,sad
14b6ae5a-3ae4-42a4-99b7-139f347b600b,sad
192c264c-81e5-4f5a-8583-c69a2f29d3e1,sad
196f57b7-4ab8-47ef-81d4-00d91e9dcd78,sad
1a4c0343-476d-4d70-a534-f934b1ebcd12,sad
1aa874b7-b548-47a3-8ec6-b63e1d476510,sad
1cc78db1-e362-42c3-a9d4-5bbf75cceba6,sad
1e27d137-cc29-41c1-aa68-1ceac248e7c3,sad
1fd93309-5bcc-4732-9d0a-cf1ce484989c,sad
2008858c-c15b-42ba-a307-904efb0ebfb5,sad
205a7fcb-db9a-4598-8b17-46d0863a8240,sad
2065ad26-18c6-4391-86be-9cbd36521d91,sad
2072e132-7456-4c6f-93c6-e65f39d901f7,sad
207c9f15-b7ae-4876-87e0-022b353f42f0,sad
22d49305-4e35-4a69-8638-05ac5f734065,sad
24120752-a098-45fd-86ef-749c6999fff1,sad
24dac6c8-7b7a-4e30-ad05-2ddb647b0283,sad
2704425c-c53a-4cc3-88c1-d090ee779972,sad
280559a3-5b88-4de5-923e-25830d295d38,sad
28709a68-f158-44d9-8788-e73553de5a9d,sad
2960785f-e0cd-4534-821f-d6a2d907467a,sad
2a5e2650-11c2-4dd2-a7c8-d0b97f1e993a,sad
2d81f104-c064-4005-a81b-87c1a2bc746f,sad
2d8a63de-368a-4e3e-a801-dc2d2f02f53b,sad
35789062-5800-427a-8488-7341c32da358,sad
35857442-62aa-4da3-8fed-79874e7c52c1,sad
35abd28f-c942-4113-a975-ec1252175fbd,sad
362134fd-7bcf-43df-a836-3018fef213ec,sad
386cc142-dcfc-4592-a895-866bfa661c86,sad
387e8620-8b59-49e2-9091-3da0e43d5689,sad
3948d05c-eb94-4f11-b2e3-e7f918cc70ea,sad
4232fde3-901d-4370-b101-e75f25760ec4,sad
4374c011-f4bf-423b-a4e9-59e9a9232ba3,sad
45755996-41a1-49ae-8fe0-754c1b972679,sad
462c3a8f-e285-4846-a15b-cfd03a59e634,sad
46fe5d96-036c-43ae-803f-ea22d245631f,sad
4c0f7123-9dbb-4ec6-b81d-9d1c2f56f6bd,sad
50a25250-1ad9-47c6-a1f9-0200839f47d7,sad
5128f890-9bfe-4e42-9105-9623ca4e50fa,sad
527b3d40-8bc8-4a00-82e6-782543e5d409,sad
53479dbd-bc21-4374-a4ba-e0b683324b88,sad
5391a8d6-9f7b-4d5e-99f5-fb7789ab9ab2,sad
5522d77f-3845-41dc-b038-bb5aada8b4f1,sad
565c4c57-eb48-4b77-870a-79f66dacdb38,sad
566f378c-d827-4d43-8020-aad2330da02b,sad
5883fdb9-7131-4ffa-8e14-12ab80ae385a,sad
5aaa4546-56a1-4cc3-9378-74cb5f9c6b42,sad
5c75efb5-b74e-4c5f-894c-a28c70be3e6b,sad
5d269625-1813-46ca-9a20-e45c2b34fa93,sad
5f1da130-862d-4151-af7f-feb813e14794,sad
619ee6cc-e9b6-4bd5-a6de-afd5cdebd96e,sad
63fab7c6-9638-4f3a-a762-28fce7f8d5c7,sad
64299442-0f3f-4245-a33c-7f54a7841cce,sad
648337fa-e3cd-4d09-b78c-db6fb2dccb27,sad
650c977d-5990-4b16-833a-ae11a666da45,sad
6548155c-2562-426e-aa45-0b9dc6fcaa8b,sad
65c91ceb-e30b-4960-9539-8b053c3f8dd0,sad
666da4b6-ab54-4557-a4b5-beb9480ef0e9,sad
67b34e06-7b8c-455e-b325-2a23a57ed1f0,sad
690f5414-3739-43b5-86fb-4514fe86018e,sad
691a5d8d-7e93-4909-9e4c-410ff5b3221c,sad
697cf250-c7ed-4f02-8db5-d09545d2ab1a,sad
6b1627e6-eac3-4425-bec2-b026ec7ddb16,sad
6b95b83f-eed2-4e3a-9280-4a3062ff6c24,sad
6bddafe9-8fcb-4041-b341-ab35b72ea4e1,sad
6de61596-df18-4654-b1a5-1ad0d035a494,sad
6e5bdb02-e3ac-44dd-bf57-6dc976b5b8ea,sad
6ed37109-8d14-4ca0-8944-21678a6f4610,sad
6ef0f90f-60c6-4594-a505-c0c78ec93f37,sad
6ff4c0fb-e430-4ddf-9d20-fcf778f8217e,sad
706afb2e-9e9e-4844-bca6-00536f12f20c,sad
71a0477d-54e5-49a3-8ec5-5426a5e03fc0,sad
7245f454-0987-4338-a65a-867947e59629,sad
728ac09d-4c2a-4afe-89f0-4724c3247ab4,sad
7604cdce-66cd-40b9-93d4-bd7d2bb3e5f1,sad
7628be3a-8d8c-4e7c-9ac1-1545834bdc1b,sad
81ade23f-b35e-44d0-900e-97fd5e67e5c7,sad
822849dd-5f1c-43a5-9d03-38537afc46c8,sad
8514e723-6374-49e9-aa67-b07fe1dcc95b,sad
8703d164-5ce7-4588-9b6d-7f97e73dd580,sad
88da3cb6-30e3-4a79-8618-032902b68894,sad
88e689b8-c2e4-4bba-a65d-27d446a69029,sad
89ad1ba3-4e22-44d5-a4d5-779c38e3dd60,sad
8a7114de-ebc6-4aa9-981e-06a5938ec65b,sad
8b6fa201-9736-4651-8df4-e0a841d02eea,sad
8c7af093-d869-478c-96b5-df2598f627fc,sad
8cdf644c-a334-4d7c-a0f2-abafedfebfd2,sad
8f29100f-9eed-4913-8267-e1589ac0b6ba,sad
8f837a13-1118-4872-a184-f4997c29a5c3,sad
920aa04d-872b-4f54-96fc-0aed9e29a61b,sad
924f7c20-6aba-45da-8f3e-9f795634a29b,sad
92f79308-7ff0-4af2-af9d-a03ba459b8d0,sad
92fe67c3-3e47-44bf-89e3-6ddceceb2cb5,sad
931c8764-ded7-4601-8296-c090e87735cd,sad
933daea9-8472-4be2-bf3b-c9ebe58d1012,sad
95ed5b58-5abb-43c4-9f12-b854cfb96323,sad
9ae21fa1-d433-42d0-9f3e-4544e9c8d336,sad
9b0c6993-b196-4550-8435-a1f82d233b93,sad
9b66012f-efa7-470a-a08f-22e24c537164,sad
9c5ac6f3-2a37-4de3-ab99-b972fa9d9a46,sad
9c8b6644-c5a6-4d8e-8e90-e713f71ad3a6,sad
9d9e6fb4-035e-4603-a10a-7e5bd1703c32,sad
9e7428c9-b25e-4e67-aff3-e8273bc7d008,sad
9eb20acc-789c-46ac-828a-a7b52232ad79,sad
9eb551f2-9aae-4bd9-9e08-ce7458fa0203,sad
9f35b680-53b9-47bc-99eb-9918aae27d2e,sad
9fcb036b-2cbd-455e-87e0-598b397da4a7,sad
a3085f75-87ab-458a-b510-cb5eeb01e7df,sad
a4498319-9e58-45bb-8590-6fb56317ef17,sad
a4a89ed8-c4eb-4ff2-8169-98b6d8feb1a8,sad
a6176b30-5f52-4bc5-9777-556ca5d95e45,sad
a66a212b-932a-4c07-acbe-bd881b899032,sad
a6fb3f47-690f-44fc-b330-96383f9d9763,sad
a8010e40-792d-4925-a746-b9a96a38a4b9,sad
a9dcf57e-7a64-46ec-aa9b-b5937dca6462,sad
a9e002f6-e007-4720-bbe7-1d748b5d23f5,sad
a9ede88f-5c48-44d1-9777-decde152efe1,sad
ab1f13cc-fb34-484f-bb63-556a2141f6bc,sad
acd89a1f-017e-45b8-95a5-1789973c1621,sad
b21f6152-352e-4a08-b0e3-24d40c4f1c61,sad
b22a489d-972f-486b-a1d2-99616bea176e,sad
b480191b-40d6-42d5-8cf8-f84e54c0179c,sad
b4ff0f67-e495-4ebc-ac23-59fac7fe52d7,sad
b5989ee5-fcaa-42d7-ab5c-d9e5eb1f925d,sad
b72b78a9-3d1c-4233-8ffa-9983d8802dc2,sad
b7785daf-b18e-426e-bd35-6cf49e6fcf94,sad
b7a2ff82-a6dd-42a5-9445-3ab06ed1a0f0,sad
b7dcd2cb-d596-4f9e-9b6e-2a8f7b6201e8,sad
b7f66f7f-4b5c-4d80-880e-2e587e8e3504,sad
b8584ab0-c4f7-4e08-a1e7-fd0bd2084b23,sad
b8d92bfb-9a52-4229-acd4-56cdbb9402db,sad
ba06131c-0e4b-4aea-a99b-2fe5d9198d1f,sad
c08e2c6a-c3b4-410d-834d-b7e9dc97cf5e,sad
c1280ccf-7f5d-432a-b01c-58474a9c80a3,sad
c4039df1-9c13-4cb3-8462-db9f11fa268c,sad
c4318ae4-ec4a-4ea9-b8a6-f512adf460cf,sad
c5961d32-50ac-4c80-883a-49da9481ef31,sad
c5e14867-a903-4bc1-becd-50bf4f206dd1,sad
c6bbc95a-c926-44b8-9ccc-7d6dca99e56e,sad
c7329566-625f-4d4e-8b0b-ec25db44df6e,sad
c735c811-7c56-4194-a25b-3d473760b3a3,sad
c87654fb-20e9-4b7f-b7aa-df67aa8ba799,sad
c886326d-c1cf-47c3-a273-4a2e4698d0d3,sad
c89717a7-dfd0-4247-b603-76cba46f0221,sad
c9f2c4e7-a01e-402a-9242-8ed7362c87ab,sad
cb8dbdd4-9cda-4c77-a1bf-744e7338c1dc,sad
cc482c9f-719b-4f15-8fe3-77b0ed86cb60,sad
cd7fd8a3-b86e-42bb-906c-b9f985aa37bd,sad
cfeacec4-b750-4a8b-bc0b-56b5bbb66e4f,sad
d0937e20-1fee-4934-889f-103c61583ee4,sad
d262f45c-5dd6-4e7c-95d3-3ce2eb2b5166,sad
d27bf245-4b82-4c69-9c9b-ab36fbead6a1,sad
d34024eb-ad63-4f1c-a014-a709a40f7e9c,sad
d4724984-2b92-4dd4-9988-1830aa9135c4,sad
d4f9f476-25e9-4108-98ca-45b0f31111be,sad
d50b2f80-cd37-4560-970c-8b5fa34fa342,sad
d5e0d15e-32d3-47a1-9cf3-e46f5fc8cd12,sad
d6e03f2b-f6f7-49a5-83bb-45f1c7affb33,sad
d7a8c375-a65b-4ab4-bdef-3f6dbc10f090,sad
dbe34849-8086-4ffc-a260-1b745701d51f,sad
dc41240d-24ad-4e4c-b8f1-b336cb7a44b1,sad
dc7f66e5-05db-436b-ab61-f79a14b9837e,sad
ded4048d-a636-4fd0-b50f-e569ff5bafe5,sad
e404af15-c64c-4aa4-8664-e1e294de0ae3,sad
e433b353-d026-4076-a8b6-1c7a526aca20,sad
e4c04c47-e6a7-4a99-be25-c9595797cc4e,sad
e54c988f-8268-4284-bcc4-c999b0e8e9ec,sad
e6255b78-c0b3-43ed-8ab5-512ad1755795,sad
e71fb21b-d0e6-41ef-ac51-002616885e36,sad
e72beb3c-2e65-4b32-9b28-38c5f704eaaa,sad
e7450a4a-fa7e-49e0-9e9c-b06efecee40f,sad
e905f5df-c0f9-4ceb-a3b9-12da859aba54,sad
e93b09ae-4ee6-4e7c-82aa-e9306d86c4fb,sad
ea254369-40e6-4529-8a1d-c2663392e4e7,sad
ec5a7a57-634e-4f4f-9cdb-231529ae7c39,sad
ed45b7d8-745b-4ab4-a9cf-6caa1c94a0b5,sad
ed49903a-2cf0-4811-a467-c6a23d6af573,sad
ed790a55-7fe4-43fd-9a56-c6758dd1de15,sad
edfe5a0c-9e39-476a-9c81-340285ebc8c2,sad
eef2f212-fc32-48ca-8e48-4dd3ef0bb720,sad
f05e7253-2231-4b1a-b409-08654a57296d,sad
f1084dee-e869-473f-b42c-ede022054490,sad
f110efbf-3e89-489e-bc1a-dee5fc700151,sad
f1613eb4-95d0-454c-8812-2e0640dabf20,sad
f2a74f93-ba5d-4ea7-94be-d6aaab3771f0,sad
f2e95ba2-1f71-4eae-a9fe-ab3d80a2173e,sad
f40ea5ba-6423-441e-9490-92777d19bbe7,sad
f45bf6bc-2e2b-469d-bc6d-f214edaead12,sad
f481118c-1543-4955-a032-3785ec0356fa,sad
f65f7e41-d54b-428e-bee1-bac2064fe648,sad
f66f58a3-4b12-4a03-8a30-634bd1ad937b,sad
f82bdf07-d763-405e-9c43-098ac76fd59f,sad
fb5103d5-a540-4f80-acdb-ee9df884a7c8,sad
fdf98027-1859-4b60-974a-a13179499e52,sad
fe6df8f5-cd02-47cf-9f57-b4abd5a92d3e,sad
fe8cf2f5-f860-4aa1-9c5e-f61c5ae630a0,sad
ffc8c3cc-346f-4056-be49-8c8bcf938838,sad
8375aa24-e0e0-434c-a0c3-6e382b6f188c,sad
8dbd8e74-400f-485d-bc41-6f833318a5a3,sad
8d346bc0-7980-408a-9486-26e415aa1e04,sad
8f41512e-b767-414b-8691-a83f59c72dc6,sad
8087ce98-c6c9-43dc-830b-33bbf6f3b5d4,sad
8fe6fe47-d540-434d-acdf-26319fb72205,sad
8d713e89-4b36-435c-b4db-9993956c83e0,sad
8c4acd30-2b23-4b3b-b2dd-0cfcf2c951d4,sad
891fbdb8-100b-43a7-a47a-0389287b43f5,sad
887840aa-de3d-431e-a012-321217f55746,sad
89ae6913-da5e-489f-b5c4-230e95002254,sad
8e076687-35e2-484d-ab4b-5947e5c89245,sad
88caac24-a71c-4cb6-88ca-1931d34ae132,sad
81761c3e-b1d5-46d9-9d51-dd8ec6e948d6,sad
8163582b-8a5f-457e-849b-d748deb159b1,sad
84ff6650-d7b3-4a46-b976-c3dc508df786,sad
b5d4e68b-29ef-4cdd-936a-4042900eddd9,sad
b1a5f3d3-84f2-4efa-9179-52a95d1fe65e,sad
bc0c0d76-1f1c-4ea7-99de-88db8f242ded,sad
baab4411-3295-49c0-8fe2-4785d6ab7acc,sad
b6c85957-f5b9-4636-9289-29ca55e42075,sad
bbd0df5d-29e4-4264-8d14-8e37bcd16e01,sad
bbcb9e1a-2a53-4488-b796-6fe32fab71b1,sad
be97f46a-881c-46c8-b80c-73dcaf734ec4,sad
ba15ce47-0cf3-40b4-8850-72b177d40a08,sad
befbbb37-f031-4ae4-96bc-b70c9eed1129,sad
baf089a8-5bcb-4048-b95e-37a34acb2053,sad
b5f15d55-29b4-4bd4-9bd7-d6c44993420a,sad
bc4fc26c-534e-49e4-a0eb-e91f174df420,sad
b493d222-4747-4c20-bc30-bffa49a9f239,sad
b1232039-6593-44fa-b076-401eeffcb58b,sad
bc64d105-32b2-431e-9aa0-9fe04d85e83b,sad
b8f43cdc-ef70-4b8f-ba61-ad79df8dab1a,sad
b2377dce-bfda-4fa5-adfc-751caa8836b2,sad
badeadf7-30da-4af0-a045-b6c914d75e70,sad
b885ce60-aef8-4254-85db-e3c36961cd4d,sad
b8bf9576-2311-42e8-a38b-a9785a27dfd5,sad
b271dd19-ecee-4f87-b98a-a26b724f00e9,sad
b53cb4c0-3734-4f5e-8ce2-8851ebcd566b,sad
b58da454-99af-40d5-8c3f-141eea03df92,sad
bb7df441-35b2-4c0d-99b5-6560a5bbbc51,sad
beaa8f2d-ce08-4917-a9e0-9afade93b5e5,sad
b1983932-e5ea-403c-926f-94edb2d559a0,sad
f3ab384b-7f48-483a-bd87-9849825de402,sad
f742a49d-e6d2-4760-9bd4-77b32ccb54ea,sad
ffb75304-b09c-4571-b8f9-d838fc33d854,sad
f76b081b-315d-4354-9de7-ad8e68fd17d9,sad
f50438b6-e107-4478-9a12-e58e13c070f3,sad
fd4e465d-ff4e-4e53-9eb7-af1419205166,sad
f06e3a75-004b-4966-b25e-c03c3c93e1e8,sad
f83d548f-5b09-4ead-bde8-c6d2eb7e4679,sad
f663e3d5-8c72-4347-a37c-2dbe97d1b860,sad
fc93f5cc-c066-49c2-b3b0-0a6266bb9ebe,sad
f5e20b88-7bba-433f-8e5e-92fb5bdc19e7,sad
fb39c01b-5e48-41c3-a9ce-013e6a214d93,sad
f35297af-80ac-44d9-8336-ac1860dfa8d9,sad
f4c88998-2287-4181-a1c7-59cf75972373,sad
f5992a73-9c1b-492f-ba6f-fddfa6f68853,sad
f1960a57-3c01-4f65-986e-16042b4771d9,sad
fa70d3ba-be9e-4b5a-91d1-4f1c5428def2,sad
f11dc791-4a4b-42a1-803a-98f88b4af7e9,sad
fa445edb-c66f-4122-9f21-a8e72e40d8c2,sad
f705b049-ee0c-4a6d-ab24-ab511df17a15,sad
f5998e65-3478-4ac3-a89a-e22668b1ba0c,sad
a843357e-9d61-496a-af61-b400c7ee2c99,sad
ac5d8320-e752-4eec-beab-51dd8524733f,sad
ac4ae61b-98f3-45bf-97ae-5a3920a0e7ac,sad
a7913d37-6780-4f26-99d0-8846574186eb,sad
a57af2bd-9226-468e-8d86-1b2265fc4ef1,sad
a67c9ced-ab1d-4097-b98b-de36813e9409,sad
acdd917c-df5c-4ec3-97fb-2b9fd2e3bf6d,sad
a98cf111-4d89-48f1-9e12-91a6a9303761,sad
ac8cf461-30a5-4f02-a557-2181d3ca3a37,sad
ad0d181a-25e5-46a4-bf0a-2d81098ea5c3,sad
a7277133-bd87-4200-ada0-9a19f3814435,sad
ab59fcfa-89d4-4b28-b9de-fbb2217e318d,sad
a000013a-6715-4024-a3bf-020e140621f9,sad
a91e607c-c39c-42c2-82f5-6143a9987654,sad
a4489e1e-3132-4bbd-a8ed-89e8d90e786d,sad
a3f83a6e-f411-4bad-a461-34524b8e6217,sad
af29ed96-c219-4499-8f38-b5e4ac7324ca,sad
a00b3dd5-fe8c-4b04-8938-a9e458b3edca,sad
a818e115-26d3-40ae-b7ee-f7f3f91ede63,sad
ad8c4b21-e681-4a00-a331-ba9bd43665fc,sad
a539b704-7485-43ff-a5aa-6c8188eb80a2,sad
a911a8da-8ec4-4049-b60e-c6078b118324,sad
39fa51e5-4410-467d-a821-e099cb02d980,sad
3fed7e2b-7d09-4184-9e1c-63fa4d789ee4,sad
39256351-47eb-46cc-8819-586e789cd3ef,sad
38ec991c-5f56-40e5-8c30-24132b865f60,sad
39e19e9f-d794-4cb1-98b2-023a1e50f49d,sad
3f7e9174-39b4-4fea-a3c8-16ea85733407,sad
36921779-6d2a-47eb-b479-ece4a5c74fd2,sad
3b670abf-75a6-4b5c-9371-70e75a94279d,sad
3de90039-2c73-4135-95e1-f1257e2b4665,sad
3b15b0ba-b423-4531-b3f4-975b75c446c1,sad
3cf3ff7f-663c-4340-9498-16986ec28669,sad
3ea25449-7d4b-4b23-87f6-496fb75fca41,sad
3d66ba1f-6471-4249-8153-aed54dddea49,sad
3938da2e-ace8-48d5-8bd3-ba6013bc306f,sad
3a276822-d15b-41a1-b144-51edfb261831,sad
39973f6c-4d2f-4683-947c-10f74f909cfe,sad
33bcce9f-ed39-472f-9cb9-fd79206828c3,sad
32d0faef-c39a-4d3d-9a17-36be7d4afc5c,sad
37e464cd-ff62-4413-8a24-4348e478c124,sad
35bdcad1-c4e0-49e0-bc26-64b5b355fe17,sad
3b681130-b1ae-44d1-9b87-190c212759a8,sad
3c1a51e3-12d6-4b87-89e3-332d2bb4f82d,sad
3a2e5f21-1604-49eb-a435-4a218904d10d,sad
3f718f78-2e9f-4eb7-9b76-67ee925bc1c5,sad
34b2b506-e275-42a5-9ed5-148bc696c092,sad
3d2bc0cb-a587-45f2-be8c-156974a4a92f,sad
3db8c779-c2f2-4c63-b1e2-5161e0f2a228,sad
715772fc-d4b2-46dd-8424-8632a377cfbb,sad
7bf640c6-3c9a-44ff-9829-c6273abfa875,sad
74e79d92-99fd-47f2-9518-797a0334a63f,sad
72e52e92-c273-4b19-9821-5f812484d76d,sad
71c5d5e9-77dc-4348-97fa-af12d90530dc,sad
777488b6-eff0-4f20-8336-6a434578737c,sad
72c6b4d3-71a8-4c70-bf50-da11c0149089,sad
789ac324-fa20-4861-9e44-d386e4c01aee,sad
799dd8f7-db2c-439c-8632-2a8e76f2890b,sad
74e05bf7-4d70-40f0-9800-bf86bdfbc2eb,sad
7e3acec8-c232-4424-b174-d907ba23e51e,sad
7ad97001-035c-40a7-a5a9-4a87cc6beb8b,sad
72404e57-f478-4dd7-a2d8-4b75e16409a2,sad
7b79e469-351d-4f9a-bb83-ed2109b71633,sad
7bef0fa2-b8ba-455c-b718-0ba3a51efaad,sad
733f7f55-3e50-4836-b545-5524bdfe7b1b,sad
77eb8fa8-f6d4-40c4-b510-6d0fcfb0031d,sad
797270ca-8d16-4c77-b9fb-f2a21d271b1e,sad
7f89e10c-7a78-4e33-bf8a-a365993a207b,sad
7ad76bf2-f3fd-4572-b70a-294c604982bf,sad
75910fe7-90ae-4d6b-8b47-a423acdace2f,sad
7dabc3b2-2d85-4b74-a654-38c4f1353575,sad
7613d2ae-66ad-4a32-a931-64d311cdf34f,sad
7742f0cb-bec7-4da9-bda5-573aa11f0810,sad
d26f6d87-2d66-4a95-8d35-9fc8266c4ab4,sad
d2e8baee-ba80-4dbe-884f-a41299226f8e,sad
d80aff69-9b86-4af0-97e7-5bac81de5299,sad
d0698807-cece-4211-a033-7625806cf76b,sad
db2818f5-0191-4af0-9c4d-ba1ab2de4288,sad
de1dfd58-8837-4a14-8afc-d779d1e7232b,sad
d64d708b-3848-409a-bdf5-157d5a83cb8b,sad
dc0dd492-2f42-4d40-88aa-2bdbce240785,sad
d7c1d895-7703-4206-9db4-36dfc4b9f4e4,sad
d8853dcd-8008-4f64-b71c-1c325e016dee,sad
d5dd586c-bb8e-4bd9-8577-eb72e229ec7d,sad
d9c70a9b-66e9-4236-8b38-350f60c5aaff,sad
d472651d-f74e-4afa-a8d4-dc05301be18b,sad
ddce4a56-2e08-4b0c-a8ce-be0124cf9091,sad
dc6cbed2-7cd5-4201-b5c8-fa3276959eb4,sad
d3f9fd21-6bf7-4e49-986b-33eb77b6f893,sad
df65b791-c03b-41dc-9a25-d6528c8f5e65,sad
d2c07b38-a5c9-494d-a831-de2e5ed7124c,sad
d6ef5865-bb99-4a9b-bff6-ffe4b10819c5,sad
d4c0727f-b58a-4092-bae6-4c5c930edba3,sad
d1a26d57-91bb-49ce-83d3-2d10e2bf469d,sad
d1251403-1047-4738-a21c-33971dde0ddf,sad
d0de80c6-d52d-4563-a405-3561e872d986,sad
d29a8467-6583-4895-9594-09f0d9200b05,sad
dcd2030c-8f17-4cd3-8e26-e60bdc5ab47b,sad
dfc6ad12-cfe4-40ae-830a-95aa5a68c0fb,sad
d7a2ce26-f413-44d4-aeb2-d86ecbe0f6e4,sad
dc2ee48e-b338-4c37-a526-593250a00e4f,sad
9d958764-d315-4327-b97e-44051130ad6c,sad
9a72adb5-3dad-430e-b436-5a484df359d1,sad
9d17f164-caf7-40de-8a73-cb3efb2b3608,sad
9544784f-760b-4a57-897c-b8c18841dbb9,sad
96a96b43-4483-4738-b205-999c1c91eb16,sad
92f3b4de-7e0a-49cb-9e3c-4e2895b392a7,sad
9eb57825-68d3-4b01-b2cf-3d6193595f8d,sad
9dc5ed0c-47c1-4451-bbfe-ea76b2b2fff4,sad
900514de-42b2-42ab-8aed-51473e51a366,sad
9076d2f7-c239-4c17-9ded-c8e6c9038392,sad
91513b66-a489-4773-acfb-25ef70a5500b,sad
9d91b2a8-a4f3-4144-9a87-d2e2e3ff94b0,sad
965aef5e-e2cc-4e14-aa2d-8fbc94d15eef,sad
97c5ff2b-bb61-4d4d-80ec-95b754bb76ed,sad
99f5f135-06c2-4d09-99c2-eff65b4a21eb,sad
97324396-a586-4ccf-9b24-e64ad3359419,sad
9bbd9db4-3ded-4b2c-9d5f-37df07ee9fe7,sad
9c49af60-c59c-42e2-a0cb-1f1a328f6533,sad
92a2e843-8774-4480-9735-3082d8e59e20,sad
90d5e001-4dc2-4464-8241-62ba007e5502,sad
958c77db-6340-487c-973e-22140a8119a6,sad
9e33af3b-acc2-40e9-a04c-a89cf9106b84,sad
92e20ecf-6799-47b5-9cf6-54ee71f6c96f,sad
90f559ed-2eb9-4f4f-b42e-3cd7f189ca1c,sad
913b87f1-8404-4f25-aca9-0f95cff0423f,sad
4bc8dd9d-f149-4590-b538-1b31e324f51d,sad
4c98a3d7-9b2a-4b44-99fa-b0945d3ba92f,sad
41335aea-3578-495c-a18d-d41022f6755c,sad
48ff0c75-3199-4117-b2b9-a947077dd439,sad
489d74a0-3830-4ae8-b02f-d91e31e07526,sad
4eaf729c-ada8-4827-82dd-bc37459b3923,sad
4e7b1d39-9488-4cc6-963c-4654f7d47201,sad
4bc61c98-5085-46e8-9ce2-34641002d144,sad
45e6f35d-d3d9-4cfd-ad0e-9ba302b09611,sad
45c44f88-7ab5-4c2a-ad4c-c780539c7246,sad
4ab2f711-ee1f-43e7-a122-5b4be3053955,sad
486e3ce1-59ad-40d0-a3f3-2679c8abd2b0,sad
4468200b-a01a-41a8-9a98-22150e0cc1be,sad
efbd838d-5189-41ad-a39b-848ba8be139c,sad
e20d3a05-03f6-4495-a926-2e6b53520605,sad
e91cbef0-0ffc-4b41-8625-76af7a80414c,sad
e5c3cf8d-ef9f-4950-9345-6aa2ea7d318f,sad
e5163f14-40ec-4890-a7d7-cee9ec32ed42,sad
eee2f75c-6f0a-4f51-9acd-1d469796e955,sad
ed51cb19-fb75-47b1-bc3a-ab3d0a691bd9,sad
e007b189-6922-4cd5-afb9-4bef32fb3c49,sad
ecb4af0b-718b-432c-a840-475568bd7ca0,sad
eb952f7d-4c06-4e89-8da1-d7e84c5ad150,sad
0593b528-5d11-4f1d-b33d-201fe5dee795,sad
005b3d50-0027-42d9-bc32-f137f5e5205e,sad
0b63fe28-360a-448b-b2cb-5e53bf257c0e,sad
07781c54-a682-4855-9cff-c9d8220d9fc4,sad
0bee4ce9-d17a-48bf-a197-8150350c2072,sad
0a9a19c6-922b-453b-b035-b9ddd05a7375,sad
05513c69-4962-4553-928f-a446f6c86f73,sad
097efd8b-0f32-4934-ae6c-1b5168e5024e,sad
0382ad21-5227-48c7-ab9c-cb3157fd929f,sad
0258a7d8-c9c9-4765-a083-2f805bde7cf1,sad
02bb2577-6b92-4943-926b-5a1682918df3,sad
0735a844-579f-4e7e-a2c8-1e07176a32a0,sad
01469536-81c9-4a65-8f97-61bcd7781ecd,sad
06506ebb-42d0-443a-809f-01bb0ee1bf45,sad
0b3bfba8-f90e-41bc-9e12-18c491da0a97,sad
084faa43-17b8-4dff-be19-e9459c1dfd6b,sad
0d34a1e4-e692-4454-9b99-a9b4ab200bf9,sad
2f35f8cd-b398-4421-8f94-657bb14fa697,sad
2ab0a824-d711-4851-b7d5-649e001964c1,sad
241d4119-4031-4367-921a-d100d872b5f4,sad
2575278c-7748-4269-b48c-91b3572cf884,sad
28734584-3a00-4072-8e09-dc5c40c0d50a,sad
2eaba90b-8d00-4b9c-b4eb-d0d652fa5338,sad
220356a8-369e-43d3-9a39-3edf6deca4fe,sad
23fa3302-c648-48ea-94ee-da66e076615b,sad
2a19aa5f-db9d-4792-bc1e-600189eb9ec2,sad
2657bccc-e2f0-42c9-bf63-61945aa30d05,sad
28841533-774b-419d-993d-4aa540638aae,sad
23b3405c-c8f1-4aac-80b5-1f2ec4a07c84,sad
25f1f9bb-3251-48a6-ad06-b81829766cdd,sad
2d702db3-b891-4de7-b748-7f753a36796d,sad
27237af8-d7fe-4bf7-9d76-92d413e0c17d,sad
28345650-c9e0-47be-bcc6-c25e2b71ebc9,sad
2d50a9a2-0a7d-4a89-a685-a70bc0b0301f,sad
220f6200-aa1f-43eb-bd30-9d1bbba2e329,sad
243757e8-0c10-49eb-a7da-cbf09f13ac5c,sad
2281c45e-aa25-4c8b-b182-a409627ebf29,sad
c5a7ac12-71f7-43ae-a32f-ee35261d812b,sad
cc369189-f0e3-4c39-b8ea-13c3d13ceeaa,sad
cf9321a2-cbc0-4b49-8063-1874427f1e10,sad
cee4f0b1-069d-4434-8330-4520f961109d,sad
c88254f8-7feb-41d9-917e-4322b6ceff35,sad
ceda990c-d2da-4562-8070-f4a82cebe55b,sad
c67c6fd2-9d93-4621-8f20-8010419cfe7b,sad
c44016e3-3f83-4cd2-a434-62d59386aea9,sad
ce5ee5be-3826-4ef7-b837-b43f4b850663,sad
cf59389b-eb1e-4659-8d71-314ebee74f1a,sad
c37676ec-335f-4eda-90a3-84548448c644,sad
c9ff3692-80bf-44f1-8c23-89f238a0389b,sad
c0d6e7f2-4dce-4051-a48a-5af1dac9b9b8,sad
cf92e97c-45ef-4ab1-8cf7-c742f63b3e2f,sad
c1acdb48-6d47-4004-876c-015969ea92b3,sad
cfbacea9-5366-499e-ae85-e10442463849,sad
cc36cda6-371e-4a0c-8e01-4e40cd9463c8,sad
c72500e3-f70d-4925-b3c8-9a36458c131e,sad
cd87b132-a361-4485-80e2-4069a9e6ed2c,sad
cbc2fc5a-7ba0-403a-82cc-65f1bcc1c00b,sad
69f8410e-5ad1-44c4-b253-f0ac7f7b008d,sad
67bdd038-43ce-42e7-9eb0-5c385a73024e,sad
64866ae1-42a3-4b8d-be59-da0e7cb70877,sad
69488ae8-6b41-46d1-aedb-f47436f4d41e,sad
6676e399-ff9b-4393-96c3-805dbcf44887,sad
6a8d8c95-7c11-4ba0-90ff-e1cd72377bae,sad
6cf085d4-bd88-41ee-964c-183c505aae7a,sad
6098e19b-a522-405d-a1fb-a1cc738efff7,sad
610c0012-6eb4-42a0-b759-3a2532ce0f15,sad
61b7f513-1323-4e91-ba51-1ebcb5669ff1,sad
6de71691-8995-46fa-9b11-7bd45dd5d42d,sad
6f6eb189-05e1-44e9-8de7-f099202e8456,sad
65c44f04-94e1-4d3c-a2cd-0ce30ed716bc,sad
6b86a491-b4bc-4151-b694-a9bca49cd253,sad
69c13a2e-80bd-455a-a02e-09d05bab4f23,sad
64bedb84-ddfb-48db-b464-a46ee61b9213,sad
6c5c1e00-a2f3-4695-91a5-2372df42006f,sad
6fc866ac-21d3-4bd3-aea4-1eb8f4134fc9,sad
6193b1d5-82b9-426b-b61b-cdf9c5834f77,sad
60da21e4-fa04-42ba-8755-87bbf61c51e6,sad
55f45d6c-3c8f-4504-9cd8-fdbb8a7522bb,sad
5403c85b-8381-41c3-9dc1-6070fcb83181,sad
5f52ae34-74df-4e11-b729-64ba12102407,sad
599dc3a4-b005-4369-8841-1dad772f19de,sad
5b89687d-f8bd-40be-9e65-e69c9e2b6a66,sad
5f8ae63f-0b07-4084-b05c-4da588415d1a,sad
539d17fa-7776-40c9-a82f-ec4dcb099293,sad
5893b2c3-243c-4b79-bfbf-c6624770a97b,sad
5e6cc207-57a1-409b-a904-0da80933199c,sad
59d6fa73-3805-47a7-8017-d8d008f63547,sad
53e61227-e6c0-433e-b1bd-5620bde527bc,sad
56a7e5e0-9264-4939-9187-abdf6ef88f66,sad
582e734a-f962-4321-b645-0f86a970a0a7,sad
5825e8ef-773c-4adc-8d30-5293dc7c3237,sad
5c67ad15-5785-4c32-9584-782abf67e2e7,sad
59a0a6c7-787d-4dc5-84a1-8c0b6bb2e2a8,sad
50369905-68ca-48d2-912d-b37330ff7dc3,sad
5ddce755-b4db-406c-9782-8001876ee378,sad
574ccd2b-4627-4246-89ed-59eafa9e4e81,sad
5afe7aad-1431-4e1b-a4c7-2ff414e58cb8,sad
5288d2d6-0529-4f04-a8f1-02f7635c3987,sad
55bcad7e-fa0e-451a-a630-d1f6e36d4548,sad
53cae68c-879f-4b84-a33f-18392ecf2e08,sad
167865f0-c640-41dc-80ea-22ca16cbd6ca,sad
16782c0d-f9ea-4075-b8c5-2dc8c8d459ac,sad
1f9d9297-b07d-49e7-acf0-c1bd813120b4,sad
1222fbf3-bafc-44f4-8965-1d526a354e8f,sad
13d5c1b1-e5c2-4d73-85d7-a20b868ca98e,sad
181235ea-1f44-4627-af9e-2648a5f3c52a,sad
12fff9b8-f8a0-471b-a8c2-d662cc8ae97a,sad
1080ccc2-23c0-47e1-8853-cb3c3cc7624e,sad
115f8077-4240-49a1-8c05-432f021a4789,sad
c41b5edd-0cf7-4a6c-a908-e6ae9ef9238c,sad
e7df00ff-e841-4373-a314-5036aca897c1,sad
bbb2ab16-3fa2-4252-b0e1-743a19cf96cf,sad
65cb8c8e-ae49-42e7-ad4e-6a85ab86355a,sad
87129015-6dc5-4cfc-b71f-5e908fb01f6e,sad
9374e3cc-f89a-4313-9048-6c86dd0c6012,sad
15337ec2-aef1-43ec-b0a2-931fdb656685,sad
ba27302e-85b2-42b9-8b5a-44734c214a02,sad
10f79d4d-210b-44f2-a85a-c0cb54c8a210,sad
12aef805-783a-4452-b6f5-55167faf1dbb,sad
22cfffbb-2e00-4680-bbb7-cf2e66a1fa46,sad
395eb543-8e02-4c97-9b20-87917a83cc40,sad
8427deaf-7a35-444d-a061-5470c5e1a361,sad
8a1abc5c-a4e5-4e65-9d8b-cf18c78dd6ba,sad
b5f387e4-f69c-4415-8cf6-3b0c118afa2b,sad
d71cb1fe-f9a9-42a5-92b8-d6c62c5970dd,sad
dc7494ab-ba0d-4586-91d9-36cb7f062be0,sad
faa182af-7fdf-4f62-8349-e1c1afb790b5,sad
75aabd49-2831-4488-ba4e-d973d8256ba6,sad
70ba0ee1-be23-4ace-b276-8f587a433b8e,sad
1e9737ea-3bd7-4fe7-90f0-e6babbefb3e1,sad
019b8694-3af1-4c0a-956f-4b8ea7f8a112,sad
0289c732-2f4c-4180-976f-3f3ee2a25d54,sad
02a3de42-364f-4d9b-abe5-56529484920f,sad
02b20e3f-4a34-4d24-a0a0-ff8245e3c055,sad
02cc7dcf-acd4-44c5-a3a8-de1fcb92f0d7,sad
0330e52e-a7b2-45db-873e-87d206ae7d42,sad
038a1222-5ab5-4d5a-86c3-3292a72bfa04,sad
045a6a69-3d48-4b91-8a1e-de062aed31c4,sad
0574c23d-de0b-4a28-8af9-2cd2e41446db,sad
0b6f08a9-60a6-4e79-9100-da142c561962,sad
0cd7c300-999a-4770-8e0d-ddfee9e5c610,sad
0e1a7938-919e-4306-b132-c21905117f09,sad
0f249053-79a7-4f29-9f11-b8f1255c2c63,sad
0fc6e717-b7cb-43bc-b32e-1ec02f4f650f,sad
124a9521-d38a-46d7-8841-9501f7868826,sad
12bc9a27-24cc-4860-8e4c-2318b0cba16e,sad
12d88fe1-d9ff-4b95-a232-17463be45437,sad
13573aa0-9fb2-45f9-a915-70eba3613b4a,sad
13ac3938-c29c-4b48-acf0-436540727be5,sad
13cac22d-6e1f-4fb9-9620-9d60d9df47f7,sad
14e0f69c-1159-4b32-9d4c-b9039d8e4927,sad
14ff6240-c4d3-44f8-8ca7-bcc77225380c,sad
1599115c-17f8-4469-83e8-d65aefde3e73,sad
16116992-00c1-4110-947c-6c2602755b98,sad
165e70e9-4a88-43a3-8384-bc0812c38783,sad
174b5883-cc2d-407f-935c-5676568eae64,sad
18541cb3-b977-4754-887b-385f1562fe30,sad
19f3c722-5318-4a70-9a8b-9b63e41359b0,sad
1a0e6690-3c86-40b8-a654-67a83cc88031,sad
1a45e03c-48b2-4e26-b882-edc1b47d743c,sad
1a5e2acc-6b28-4a82-b942-2808995646f7,sad
1a7e98df-5fbc-4ce9-b7a7-5ec0bd1f9c12,sad
1a84ee61-9905-465d-b9d6-e3566aa13254,sad
1b509236-71ef-446e-b89d-3926c092178e,sad
1b7128a2-797c-4887-8dad-9742561d1658,sad
1c01da3f-5850-4e75-8250-767c24d8c521,sad
1ccfca7a-8e6c-45f6-9d81-d48977e8ed1f,sad
1fe1e2b1-1763-4b7b-a4ab-c11c4063609b,sad
219c589d-9d13-4275-893f-6bfdcdc4bf7a,sad
224af773-27ca-4026-84c6-529591263456,sad
22d0f57a-f840-4b08-bdff-cf0b4bda3830,sad
247bddb3-6abc-49b1-ab81-1a5aa597dccd,sad
26b5fb2b-a07f-47f3-a931-f69ae575cd7b,sad
273d19d0-66a5-4beb-9078-a241f27945f2,sad
279d6b0f-14a4-4ee0-a583-20c824e08ed9,sad
28100501-d7e1-4dbf-af19-6b51dd0f0761,sad
2a97f4f2-b64a-448b-af0a-d3556bc14b4c,sad
2bb77aa3-38a1-453c-845d-4290f37ea729,sad
2d6f51c6-afc5-457e-9c58-689679c08d30,sad
2d9504fc-fcf0-4420-a773-f2139cb48f50,sad
2f0d0c3b-03e3-414c-9d7d-b0ae5351fd62,sad
2fd7003b-1711-4ab4-bc0e-ebe094806351,sad
30ef38a6-00bc-4d21-955e-14c1d132eff1,sad
335d99f0-3b8e-4564-bb97-2c6ba64c565b,sad
3381dfb0-01e7-48e6-b139-7ed7d088a16f,sad
3494513e-c637-43c0-ac5b-6ea3b6634aba,sad
35117375-92f4-4b15-955c-ff8f8abcf692,sad
352c30a9-a8fc-4c4d-8c14-70d80758f125,sad
35871c21-0424-4a5d-8609-857130a97438,sad
35ca57a9-aa06-46b4-82d7-5778e7726170,sad
374fb44d-6e7b-429f-8d97-9f53bd9702a9,sad
37add81f-1a76-4376-836f-503306dcc6c8,sad
37b91e92-9d6c-49ab-99ff-60c894fd0a53,sad
3967e415-c096-47df-ba36-1ace95117695,sad
396d50d7-b8b9-4d74-a354-ec02ad5e9b77,sad
39b50a7a-330f-4f44-aa42-881739194e81,sad
4174556f-8b0d-4494-a205-479bc6274eb5,sad
41b92a39-fa65-4e1d-8332-8790e3a474eb,sad
41e9f99d-8952-41ff-bebc-5f79a6c1e021,sad
4234eccc-0b8c-4b8f-bbe3-a6c441be34e0,sad
42c0e096-6c48-43cf-b6d4-700903727418,sad
4348756a-76db-4e4b-a83b-bd64ccbdee92,sad
442fb0d4-ad02-41f9-a43b-ed963225db96,sad
48133da0-ceae-4f9e-abb0-0e7eb95076e9,sad
4847067a-ebb6-4607-8f81-998b9004d904,sad
49a09711-fb05-495a-87eb-0346b14061bf,sad
4bce035a-3956-4d28-82d9-2143ef230e3b,sad
4d195952-b65c-40d9-a83e-50d841b5406e,sad
4e44bfaf-2049-4cb3-9241-4f99b2c35281,sad
4e724e92-6577-4b38-852f-4c157f2bb22d,sad
4e8e2cef-8457-4702-bf63-913aa98be262,sad
4f1533b8-2998-47b5-963c-d575e72d6d3f,sad
50d325eb-6970-4f57-9cb3-2f36794d82ae,sad
5159bd0c-c2b7-4a1d-b3a5-1ba3b7b3d7a1,sad
5314150c-b385-4db4-bd09-f0f3d0ebfed9,sad
534fa10f-053a-47d8-a1f0-8498085474e7,sad
5486c478-fa76-4732-a258-386c2354ab64,sad
553a0786-a0cb-4fd5-878d-7432c11b1f0f,sad
562fc49f-6caa-4d3f-9561-55860f920ba6,sad
5638f39e-78ba-4692-a5b0-cb6d8b1f3e43,sad
58d8788c-7c37-4a4d-bf81-e5783e9c871c,sad
5913831e-d192-423d-adc5-5af57e30b71a,sad
593769a6-55c1-404c-aa9f-925c9919c8a8,sad
5a2c06d2-fd9a-4429-990a-b56ccd67424c,sad
5dcb4915-e9e8-4c11-9ee5-4e2388d7a041,sad
60674bfb-f3a9-4791-b833-fec56386664f,sad
648bcde3-b426-467d-83c6-ef05e98bbcdc,sad
64a0c676-61f3-4016-bb16-7dfb91509081,sad
656e3f00-207f-43f2-a590-01e656282e08,sad
658c9077-9583-4f7e-8ce4-ad453ddf0e8a,sad
6710f994-f6ff-4196-b81d-05b4aed0f544,sad
6784097b-1dbd-4a4f-8525-e5dbf3406ca8,sad
682b92d9-cc0f-4d40-9bb1-266744ed0ad8,sad
6855c5ea-90d7-4319-9f52-292e217d1e19,sad
68716ee3-ee89-4619-b80f-1c782a0d897f,sad
695f108d-7d3c-4f49-82f0-3999684cabcb,sad
69c54c05-a801-47cf-9af8-bada15fb6085,sad
6a880b7f-87f3-4dd4-ab0a-24cf2a836871,sad
6d5d55bc-6759-4fd1-abb4-7020e4a27260,sad
70a3a80a-b5a8-4a0f-92e1-16d3bc457277,sad
733003b4-62bc-4ea3-9d40-6595a1c1d1a8,sad
74c0d6d8-74a3-49a0-ba5a-67f3ee5818aa,sad
76a2d3d9-84db-4b53-bd86-9d78064a6b0c,sad
78593fdf-1224-48ba-9d4e-341bea37acc0,sad
78c4e4e9-3dbd-40a9-a78c-00e2d706b7ae,sad
802f23cc-2ed1-44f3-89af-99cfdc20b89e,sad
81d53b65-6f7b-4b9f-86c9-2864536fde34,sad
835cda54-3f79-48d2-bc95-db947e7064cf,sad
841b995e-d6d6-425a-87da-19d1c90c32fb,sad
84855f5c-71d8-4bab-ad77-47f922c9ae1c,sad
851877ad-561d-496e-8196-6a52c0ae7a64,sad
8666cf94-b1f3-45a8-a3ae-b1148e6a64d3,sad
87a98907-dc9d-4522-b04c-f4d6e116f370,sad
87bea674-c3ae-49f4-9872-f9e8228c3ded,sad
8818592b-6f64-4c62-b3e8-a3d6de91a757,sad
884bb5e4-71b6-4433-85b2-190cda8095b5,sad
8c52e91b-5b46-410b-a078-deab27caa4ed,sad
8d100dcd-b5c5-4a48-a62f-084d8e2f0dc6,sad
8e2ee080-5256-4a2e-82ee-9d3f9dbad68e,sad
8eefd50e-c1ac-478b-9102-aa55c19bb66e,sad
902591e3-b9da-4a36-95ee-f58326d6c76c,sad
9198278d-3eae-4845-85b5-52613ce787bd,sad
91cf5043-e893-4070-bd77-587a217a4ee2,sad
92e4551e-71ef-446b-b7b6-70d99a743ed0,sad
938cd14a-d0e1-450d-8f2b-c24b1b8354a8,sad
9397eeb8-09eb-42b3-beee-2082f4eb9c6e,sad
964d7a2a-f416-4284-8f8c-674ad7a3c3b1,sad
97062c59-5642-41f1-8c0b-78fb84ece6e7,sad
97da6350-7be9-4e45-97a3-d604e9433df3,sad
9c0dc95a-be07-4085-98f3-8ee9f2167036,sad
9c93ed35-1b48-4a33-88aa-0f6edd7f2719,sad
9d8cda1e-83e4-43ca-95ae-bbd7fb27374f,sad
9fcf99c7-e664-4649-a2bf-d4ba1a66e713,sad
a1783e6e-f9d4-4f61-b6f2-0acf89333e26,sad
a1b0830b-e9ab-4c68-bdd5-7ec1e7dd54e7,sad
a948beea-d6dc-4dde-b053-0ec601373074,sad
aa396307-d4b0-4642-b512-94fce55afa09,sad
acbfc46b-cecd-4f63-812b-44e44c770b72,sad
ad5a2343-8dc6-42cf-952b-d9c8c5fd24fe,sad
adb9e226-0c3a-4871-aedb-d86ef029fe6b,sad
ae15517d-2508-40b2-9ca4-48754f195390,sad
b00e6148-e41c-4cc4-80df-719727dfffbd,sad
b13ada5c-097c-4141-9ac5-e1e298603c9d,sad
b2677d2d-a682-48bc-8429-df05bf22bfa9,sad
b2c3afb4-cca1-4eca-9bfe-e092014e289a,sad
b2d489fa-d57d-4d29-9a7a-120b7febd703,sad
b5502d6e-25af-4655-966d-faceab6fa0df,sad
b5d137b5-2023-4f9d-8d97-cc8156258c65,sad
b782ea5b-f15a-463f-87c2-5378a472e51c,sad
b85ceef2-4564-4778-8591-b57a7a39e00c,sad
b8a05a49-a235-44df-8e7a-19b4d7c9f9ca,sad
b8b32637-fc69-4ebb-833d-1501f7971d32,sad
b9d06b81-b582-46d4-ad41-be47a6961892,sad
ba1356e9-1b1d-4e9c-8bb7-74faf3f65d4d,sad
c00e937c-f69e-422d-bedf-9960e86a9609,sad
c08bc222-7b8e-43eb-9777-8f23a3f32ef2,sad
c132eab7-bdba-4261-bbb7-079c1055bbfe,sad
c20cbef2-e6b0-4b55-9c1f-ec2242d76900,sad
c33495fb-a861-43c7-abec-657306e2080c,sad
c3be6587-c84d-418d-b136-e7b59a75c8d3,sad
c481825b-270a-4157-9250-c060aa33e50c,sad
c7e92c7e-b415-4e56-89e4-3f5995a5f0c1,sad
c80a5b3a-a6e7-4be5-a99e-97285c77f412,sad
c8a12ef7-b067-4250-88e5-9d7a1b5e2913,sad
cab031ca-fb14-470b-9336-528524007ed1,sad
cadbcda8-cbfc-4985-8612-3bb45d2bd0a6,sad
ccaf1920-1eca-4ed9-abfe-6b59e3660ede,sad
ce1a643c-e2c5-4be5-8533-9419a4f8b138,sad
d1276903-29ee-4c07-b3a0-8afc97139973,sad
d2050c94-4a55-4d05-b05b-a3edbc9bb5c6,sad
d21d2fcb-e19c-44a8-a193-e3e16484ec5c,sad
d2357e35-674d-4f25-8d63-794bd801e8f2,sad
d5892574-19b2-4255-928d-c4fcc4e2dd04,sad
d64b7430-c101-43c2-aade-5615a753daf7,sad
d6615c91-7e0e-49ba-97b7-e1732b23f800,sad
d84623e5-2c72-4d64-a9c0-9e9a47a3ee19,sad
d8d054f4-ee08-42aa-8029-626a02f74413,sad
da1211a5-819e-4977-896d-fbb096ad1f0f,sad
daf0162f-bb7e-4b7f-9d3a-6a3f399a266b,sad
dcc4923f-4e6e-4ee0-a648-d48fc44c897d,sad
df0a9c81-bed7-40b4-b363-cfc5c13d10b7,sad
e1f39918-3fe4-47b7-a71e-c17141ae8f93,sad
e25b7502-958d-44d4-9c88-51f8bb14d720,sad
e382ca9a-113d-4dc6-8a05-d236a126c81a,sad
e7fb48ea-5570-4ac4-89e1-98d22de7d5b6,sad
e9edd5ed-b9fd-4466-88d7-b7685e47fc64,sad
ea3c2989-2886-4ea7-81bc-8ebe1e04fd78,sad
eab4d58f-0a0d-4378-83ed-912d825e8145,sad
eb505e63-b020-42ae-8e87-c24067e97656,sad
ecfc57bc-f842-4376-a752-4bf437d50505,sad
eddbf940-7afe-4501-b558-e935cd8469de,sad
edfdfd7b-2352-4c51-83ba-89a66400c904,sad
eed240a2-d54e-48c9-814e-a6bc725e064c,sad
ef83a5c0-bd8b-4850-b1e3-3b877a11cb37,sad
f01142ee-a825-4637-ba9d-fee5463d6773,sad
f0dbef87-5821-47dd-bbf8-f9c34c38ca45,sad
f1271e7b-d4d7-4746-80b9-e8ede87cc70e,sad
f31fef74-4017-4c93-a397-cc5c77bcf0d3,sad
f5e68f31-c909-4869-9d83-f83c820ce1b4,sad
f7988ca8-b874-44b7-8bda-9b202e7f8925,sad
f8af9769-8909-488d-b9e8-9f75939838ac,sad
f8dff82a-84c1-449e-ab01-3e6a000063bc,sad
f96b8d56-832a-4b3d-8016-cb7ba0ed1384,sad
faa78eb8-27a3-45bc-8708-1650ec9a973b,sad
fbfd9e36-4827-4df0-8bc4-74ff1968c454,sad
fcc31e1f-64c1-42cd-8ef2-c3f89e2f03a2,sad
fd1814c6-656c-4cdc-b61b-7f6122d68540,sad
fd1959e1-9371-4ea7-8851-5489d222b297,sad
ffb40d01-2d83-4bf8-b6c6-74a156f34e66,sad
80e7662d-5d6b-450a-b73a-c8b9500e1c21,sad
866ab83f-76ec-45ff-ba01-ef7de83378ef,sad
83cf16bc-01db-4766-9e3e-f3c796639cf2,sad
8b5575e2-6cd4-4107-8b40-252aef4a3aef,sad
8c73e07a-bffc-4a4b-adf0-f155c4f0b8c3,sad
848dd6a3-1e15-42ae-a3b8-1d4b736e7cd5,sad
8c535576-e5a7-4de6-9cac-ebf9551c7a51,sad
8e34e4f9-169d-48b3-b940-8c32771d0e3e,sad
8b5617d1-a0fb-4a64-a70f-86ec576d5141,sad
8b754913-12e9-4279-9d93-545a41e61f38,sad
83da4d6f-66f1-4cd4-87bb-a3715591424b,sad
8506d08e-f74b-418f-ad26-38501d8321f6,sad
8cb593d3-a65d-4262-9642-af4ea44624e8,sad
89277dad-dfda-4a04-858c-4fcb46539850,sad
8942d332-dcd5-4b13-8a1f-3ca3f9b8e45c,sad
8943ab1a-3acc-43ae-a4dc-6ce94f5be5b8,sad
811211cd-b6ef-4ab1-84c4-c734bb6bfadf,sad
83dd8e3d-425b-44ca-a07f-e29bc24c1ac1,sad
8aa9598c-a0ba-41a2-aae8-d30387ee3d63,sad
85ed7744-78e0-4680-9b2f-155bf85ccabd,sad
bfd868ec-c2b2-4daa-ac29-56d9af6c160f,sad
bd4ac39c-dd23-47af-b70b-efe2834868d1,sad
bece2839-bcff-452c-bde1-1a64a13acd16,sad
bcb9b956-fe5f-4c84-a58f-aa88c6ec2dfe,sad
b22e57f9-d5f6-48d1-9349-a8868d9fee11,sad
b6312360-d4ac-4ced-9edb-f05e744c181d,sad
b9c10170-e3af-4efd-aa14-9cfcd597c339,sad
bf356018-855b-4dbe-a614-937d71648730,sad
bafe6415-2568-4f14-add5-a1146821f56f,sad
bebe5f2f-ee52-41f0-85f4-a0cfbb4e4649,sad
be5e94c7-7575-48d4-8d72-f2b5e181548f,sad
b4e083c3-1a9f-4d35-b4cd-6c2cdc0a5c4c,sad
b8c3bb03-d1f1-4973-91be-fab0e8f52a75,sad
b75f31ce-2043-4eae-b5b1-c57d5bca6eec,sad
bc8a17d8-be41-47c2-a8e1-709290899a13,sad
bb0d3c16-b684-4a5a-a107-e12bbd4f3041,sad
b7e172f3-1f8f-49bf-a4a9-141cd64979c7,sad
bd566a64-d81b-4a94-9679-0097b6c19d6a,sad
b5636517-3330-426d-841f-f7d7c858738f,sad
bfa9142f-349e-4b2d-ad3d-d90c8bf5ea85,sad
bea00600-c226-4216-96bc-4a487f4de7cf,sad
b91f88d8-5739-4564-9ce6-230970522bdd,sad
f6f1665f-c9bb-437d-883f-63709f9f951d,sad
f09f6768-b08b-41d5-877d-1774e4632785,sad
f5de9f64-0e11-4108-81c4-c4dcc7630f7c,sad
f3101ae6-3857-4391-8429-73072910d82c,sad
f056f873-ba6f-4c49-a04d-44505c35c5ab,sad
fa1e66b6-3a4a-4fe0-96eb-9d40f9ece665,sad
fddbdf3c-7807-4aaa-826d-7300d909325e,sad
f2b17bf4-2c09-43eb-9418-5de6d7ca5e88,sad
fb355148-1ae5-4890-bfc0-af1ca9f4f510,sad
ffe5c241-6bfc-4eb5-ab58-1c4403029887,sad
f8089604-df10-4c50-9457-ea98570a6506,sad
f8f4b558-0905-4ec7-8d2c-9b8c2ae6efcd,sad
f1ef9dd3-84c3-4dc1-a9da-02f968c3183f,sad
fd606fb5-3dc4-43e1-8403-a548e9077977,sad
f75f3941-d816-4193-bc9c-6e290e1345d5,sad
ffd2bbbe-17d7-4c15-b9bb-47c8bf00e789,sad
fd7788ea-de98-4738-a10d-c4b4bc6778ca,sad
f3de9a8d-d455-4fa9-a369-21b6110b5b2a,sad
f616f806-1472-4147-827f-2d24d444ddb5,sad
abbfab46-9094-4664-95f0-5b7556ff8094,sad
abf4bdc1-19f5-4cd0-a634-30750c32fd01,sad
a7649d45-636a-401f-81fb-ea2230b48590,sad
ae2fe32f-54e6-4089-a1ad-30c24da6ff75,sad
a47cfa4e-cebe-4aa7-a1de-0c7fa01236e0,sad
a296f28f-70a3-4625-b604-1c9b46bdebcf,sad
a1219266-cfb3-4bd1-8efd-ac6101d984b6,sad
a92027e3-5136-4485-8633-7fe17a83569a,sad
a2c40610-01ec-401f-9026-72299e2319be,sad
a325669a-ce57-4b4c-9b13-88a313aa4705,sad
a11f8c86-6c22-493d-b135-71f3ccf75c7b,sad
a97182e4-9167-48a9-9cad-88d554798d0f,sad
a8af560b-20f1-4bc4-a550-6284fa19a06f,sad
a806bfe4-2e97-4aee-87b7-9b887c8143e8,sad
a47d2c32-2ed6-45ae-b0b6-56963a67fd75,sad
a7ed3365-affa-4331-8bd9-1ececaf9ae77,sad
ad421a93-31b0-4114-a0c9-a46399274118,sad
ae786cae-603a-41ab-adce-67abb2659e86,sad
a73750d9-6ff9-4ea8-824d-3ebd7659a869,sad
3ecc800e-d16d-4e2f-a3b8-21f1e423812c,sad
3f28d25b-41dc-4aff-bfd0-ce8c4a6e8f79,sad
3150c11c-166b-4fff-8cb0-c81f200da822,sad
3bd2888b-6d08-4c48-8f59-a8b680874fdb,sad
301481b4-b5d6-44dd-84b4-2883fae95ad4,sad
37308f1d-a9b7-4686-80f7-c86e593a70a1,sad
3b80d5d0-f67a-4cd5-bc60-53ba686ed9f4,sad
3aa7ace2-7c89-4305-a73c-ce981ac2d3db,sad
3dc64950-4035-42cd-9e4c-996ad49576b4,sad
30a68432-82f2-4626-bf40-13083313e221,sad
3d2af026-17cc-4ab7-8119-25fe9be23cf5,sad
3c551ab6-8aa7-4dcc-9a0d-d2d6cb8d8d18,sad
3a775fec-5c03-44a6-9efb-50022c84bde1,sad
35b3461d-2f40-431a-9322-fbdd82a6c3c8,sad
35cbb45d-0b40-415e-9301-f43fec4e1497,sad
3a566490-3dc3-4711-b13b-85f423fa9b00,sad
39e86e86-a5fb-4aad-be60-a24cd1ae6938,sad
300640d9-e3c0-43bf-a34e-2f74c79832ca,sad
3bb836d5-a6a9-4427-bb40-2dbe072d2cfd,sad
3f99dfa1-ca1e-45c2-8ae8-957cbbb061cb,sad
356ecac9-804e-45f7-a0b8-57ec0c5bc3ec,sad
3dd636a7-042c-4330-bbdf-329411fafe5e,sad
3f66ee18-322c-4129-8f4f-e2ed1afdcc72,sad
38e95e48-60c3-4e5f-b3c1-6b94151f6306,sad
3cc7c7e8-a6bf-44cf-92c4-f0c7ea909d15,sad
7fadfa5c-823c-4431-a52e-c8513cff4b9d,sad
74b0625e-bb3f-438c-8853-5add34982a8f,sad
768898aa-96ff-4b0c-a907-e7ecafcf0397,sad
782030f9-d1ee-4711-903b-4b64e1b2d161,sad
78928b30-d8fc-498a-86d0-4fe7e0ecdd67,sad
7c2f469b-61b2-4cd8-8a35-89e13def77ed,sad
7f4d1532-e797-4860-b06e-6404573e645b,sad
7c7a3efd-692c-4f0d-82c7-393cee12277e,sad
76018f0e-ef4f-409f-a5b7-2625be939474,sad
7d9771e2-73f7-4432-9e81-2e839d51acf5,sad
70f8b94a-af92-4d26-a2cc-95f507eedec5,sad
764bba61-bbac-40fd-a512-a2a9acbdeb1b,sad
73d0165e-5cbc-47bc-8cca-ed5429643ee0,sad
714eb0e4-be20-4682-beb8-18102c9dee07,sad
7aeef75c-e7a2-4476-9e83-8b1776a90424,sad
71202a01-f430-41a7-9a5b-09b1c29cd56b,sad
7affffc4-f3f0-4d25-b021-8476b4c683e2,sad
7f829d5d-609d-4c06-a7ab-1398f679f890,sad
7b6952cd-d5d9-4168-b07c-9647ad274027,sad
789ccebb-2a42-4c3d-acad-b7ce8d13e17b,sad
7b64cd11-ddb0-432f-ad3a-8daf915f70b8,sad
750b475a-59f7-4a5b-bc62-f46d4e948670,sad
7e7cf017-b0a7-4c2f-8eca-3bd095c28d0d,sad
73fd076b-3e66-4290-a686-fd11b23581b1,sad
74ec3248-13ec-4e22-a71f-52792e48ae99,sad
de3fa532-8ef4-4aa3-869a-9e9309b5503a,sad
da94d962-2c4c-4d72-83da-7846025434ec,sad
d6f46b61-f3dd-4d5b-8c4a-fc9934517c65,sad
d3f1cd62-ae04-46d0-ba11-ec1970f890a0,sad
d2c133c4-9bd6-4d22-99d7-df84e7dcba79,sad
dafb345c-b0a6-4241-98ad-6defbcb4ca09,sad
d12b4a99-9fa6-4d71-8889-0c9e8cf4cde7,sad
d25e70c1-a1b4-45e1-af9b-ceb3b784f495,sad
d1578310-76c1-4349-8e7a-7e301e8d61ce,sad
d0d9d899-1b87-4c39-9820-395b67284430,sad
da4c6d5a-bc51-42be-9a2c-c0d5d8885120,sad
d3871529-1039-4f2f-83fe-0240e3fe5f0c,sad
d3483f3e-cad1-4e6f-bc60-78af80cdf8e0,sad
d8386c12-c1cd-463f-85da-a6d418df6134,sad
db777fd0-325e-4c9f-829f-59f99234c258,sad
91894a7d-b8e3-40ef-85db-ba2891d6cabd,sad
929bdec2-59e6-402d-a01c-e839195de71b,sad
980ed737-9f52-4e1e-9dd5-673b214121e9,sad
9f895bad-b0c0-427b-a23a-70281f1fefd4,sad
9ffcd701-72bc-463e-a6b3-87681d14348f,sad
902c561e-3533-475c-a4eb-e6ee386b434a,sad
9fe45292-4e88-48be-9466-a6030734409c,sad
98200ec7-d828-4e4f-8dbe-b20e6d519f88,sad
9313208d-480f-49fc-8616-ad13273e80a3,sad
9428b5e1-feff-49c1-a406-8448ba9d5dae,sad
9742a1dd-cd07-4159-9d08-a211caa0bbfd,sad
90fb2fc8-9b39-4c93-b68e-04a36dc198f2,sad
9828b2da-b2b9-4dde-8cd7-00dcfdb6032b,sad
9bd9b52d-3784-45cb-8a5b-8cea5fda893b,sad
92176f61-ba2a-4f1d-8eb7-ff876cb72146,sad
95a4fc69-3b28-45bb-b2ff-12ab444f320a,sad
9b18d36e-b2fc-4b84-ab86-6e8cdddf5167,sad
91d38f87-5ee0-408f-a564-cef0afdbd168,sad
93cfee8f-b7ff-4848-bede-15151d151e57,sad
4e5a8e03-9244-4e35-b1bd-c0c3464bfb2a,sad
41eed1d3-babf-4360-97b4-0f420d7b0434,sad
4c9a0be1-6677-4e18-8dc1-c354f17e8139,sad
4638f36b-7efe-40df-aaf9-58f657cba959,sad
413c127f-e18d-48a3-b309-c96757fe34a8,sad
4bb02025-f6b3-4b1c-951e-cbcdac053596,sad
43074d46-8cfc-4b55-994a-e13623fa9b35,sad
4294c053-498a-4852-8d45-884e282cf2b4,sad
4569a194-e8e4-48c8-b5c6-b19aeca9882d,sad
4df4a8b5-1a40-446f-9d9c-2bb019954fbc,sad
4cc2bc71-7270-403b-a36f-b03f1ec35e10,sad
40bd0f3a-180d-43a2-b912-25b0ec55ac78,sad
4128449a-1193-4b1d-b164-503de094f65e,sad
4e946b04-9124-40d6-936c-90aa950dd35e,sad
4e4a941c-2ab5-4337-a4c8-cfb3bb4cfbad,sad
ec16828c-b4e8-46cb-b09e-1238631c491d,sad
e9291cf0-72d4-4b4f-a40e-566f41e95762,sad
ed3b6910-5f71-4d28-8eb5-a43f3022abb4,sad
e29cc611-bcd8-4e7c-8189-94290063de55,sad
e5a20018-f49c-462b-94da-447e38a49fc8,sad
e21db1e3-a15f-4aab-8897-5593e3bc7746,sad
ed1407c4-9747-4373-9807-8da760c2b3cf,sad
e7c27a2b-a733-4b2a-93b4-7e3989707f75,sad
ef4d5122-c06b-4ac7-b845-5da2325f059a,sad
e38d827e-8b98-4c55-a8e2-1900aab40189,sad
e8e57c37-c196-4acb-8f12-0b7003a84dae,sad
e45ba5c6-90e5-4c0e-af68-5f20d80a51d9,sad
eb2fbdca-089e-493b-ae03-bb24cdf2b176,sad
e0954dda-fc5d-43ae-afd2-75c88cdc47fc,sad
eada0b10-d1a1-43e5-bcc0-0e8d45c204f3,sad
0441ad23-6bc2-46ef-83d7-7269bcb66969,sad
0979b89f-d53f-4ed9-a128-1dd0406f1192,sad
012dfc07-61b6-4700-ba9c-82cc92e76d0c,sad
0208bf08-9626-4f4e-85c7-da505028ca30,sad
00580853-d621-454e-ae13-68c0d8fd5dac,sad
059ea5ab-72d4-433b-a480-0b5b209cf0b5,sad
03fdcdc4-4d3a-4807-8f2b-2bb42a5436fe,sad
031025ac-7748-4954-b8ef-c2b4e99fb04a,sad
0709401a-94c1-4f00-bb02-ba96af0ed409,sad
02640acd-ae1f-4e5a-8506-23fe72691e24,sad
073b4bdb-897b-4291-b7a7-9d688ac4f9ec,sad
06700c3f-251f-42c2-81f7-c5f847fc7eed,sad
0fab341d-ba2e-49b2-8ca2-9a943ecc0d8b,sad
02e41814-f676-484c-ab18-74bf75685e75,sad
0bd1dbe9-5e31-4e26-92cb-b910a2d93fec,sad
04bf0ce3-b281-4fbf-a9d8-d7c545881de8,sad
0a70ceca-7dd6-484e-9376-5c250a77910e,sad
0a31d4bb-b49a-4e83-a5f7-8f50e7bdb84d,sad
0cc1a0d8-b2e9-4337-acad-3691d25aa43f,sad
0655b007-f8e3-4777-a414-3d775c8b94f0,sad
0c2756d0-1df2-4f02-a9c1-bdc4862497a7,sad
0fa5f9da-020c-45f1-9e5a-041cff91ffd7,sad
02943d05-1499-43e8-8150-6a5b1a78848b,sad
