aeca0470-aee3-4668-85aa-a2fc3b5d6d56,good
a12e2612-69c8-4594-a051-6f52aeaa15e0,good
035ba829-b45c-4d1b-9d33-2ca163800f31,good
073a6f78-7d76-4d9f-b78d-575ad949dbac,good
0b4b69ba-86bb-4850-80f6-4f2b18cb54ba,good
0cb0952a-52c4-4f61-a105-4977ccf3785c,good
136daa20-f42c-4912-90a7-a01727cb33a7,good
13d66ab4-ad8a-401e-9cea-88b02242189b,good
15e9a3b8-a371-4ee7-afc6-bc71ff58d8d3,good
1a388ffb-bef5-46c4-96cb-4656b0016eb2,good
1b047a63-6e9e-4463-9941-ff094a205057,good
1d43a6e5-f484-4f97-9f1d-9c6f56de83c2,good
1e1cdb4b-ab52-4f52-9f3e-fd04ca4e33c9,good
2c866368-ac0a-4d45-b36a-15808ef27d9a,good
32d2992f-9398-4754-ad70-fad144b2f832,good
331ec9e3-67a7-4384-84c4-6afecc704758,good
36a7d386-a0c4-4800-a180-a34239921c4b,good
38004463-646c-41db-8221-90f45eb4ab7a,good
38b2d82b-bdf8-4c67-a75b-39c3994847bf,good
42b32ebb-1a72-4052-b26d-04f52d175a09,good
4456693a-bb4c-4d2b-a104-b395275bf215,good
468fad9f-4a14-4474-9dea-a65f567c897d,good
475a598a-aac6-4347-9110-c2a9e96c9d8c,good
4a608765-87e2-4b43-b0fa-4fd1d8c43c60,good
4bd878ca-faaa-4dac-b397-48a505f6979b,good
4c0f7123-9dbb-4ec6-b81d-9d1c2f56f6bd,good
554803e6-7a08-4396-a1d0-7779a40515ab,good
56325f84-67c4-4edc-ad53-e0fa2420de6f,good
565a6dc1-ac40-44ad-a347-ce983d06e080,good
565c4c57-eb48-4b77-870a-79f66dacdb38,good
5f4d81b7-daf1-4a2f-8e33-22fafebd326c,good
66dba386-9aa4-449c-91b9-05ff93dd898e,good
6994098b-7392-462e-9f2d-3b6cc071598f,good
6b1627e6-eac3-4425-bec2-b026ec7ddb16,good
6c67725e-102c-4e7c-bbde-75500dd692d7,good
6c979a03-d094-4288-9e53-7347016c7988,good
6f8a21a0-05d9-4f4a-90c8-ddfb9c97cfdc,good
70eb67bf-21e2-4fe6-b1c1-209e6b91994a,good
73c8f901-3707-4b69-8dae-fcb01b8e83a1,good
74c107de-c582-4c5a-b7e8-f337a4b3ff29,good
7756414e-98d0-45e7-99f4-4c1b3d9ef734,good
80bca1d6-f656-4ba3-b71f-636452a38d9a,good
84aaeaa0-cca3-4dab-a51b-a67570df1c45,good
84b9976a-be3f-4b8c-9d62-118b5c6eb073,good
85016d39-f0c7-44be-88e2-f20f6067131d,good
88b7b823-5f73-4716-9fe1-0a0bef659112,good
8bd243ea-6069-4d16-aa20-1d141cc3a8f4,good
8ebee401-d356-424e-a801-5a4e66849c79,good
8f19083e-71b8-46ff-b382-b455a20b23b3,good
9010e901-0541-42db-abf6-f63609256b76,good
90217fb7-647d-4960-a76a-01cb96997213,good
92249736-8151-4bc4-9e52-f787f34f643c,good
98ebd4c0-dd2f-4fbb-9f7f-4f95a23bda7a,good
aa1163d5-d0ff-4c01-9e60-c446803fc8ae,good
aa268921-32c2-4b83-878c-255359697264,good
ac0b0300-c2ab-402c-97ff-00c0fa2b77df,good
b1f3f3ca-c721-4416-8593-aa6aef30e02b,good
b2062076-af87-4e55-8785-6563bd0f7f28,good
b30c0c9b-3e44-40a0-8752-daf37e95e0a1,good
b6cdbbc2-d5fe-492b-b49e-8d35c7df85ac,good
b7f4bb78-c4f0-4ef1-8995-ee9a258ac1b5,good
b83d63ab-49a2-4fdb-8713-38849b9615a1,good
b8a22395-2bb2-4f5d-b90c-f3f3a5f33383,good
b8cfd609-23e1-4880-8175-50d4060a1fe7,good
c285d8f0-24df-4e2a-bf16-c497e13600c7,good
c322b3f0-0a19-40a2-8503-ec024fe5a77f,good
c7c704c7-c766-4ce8-bd96-2396e7d9b074,good
c8b83f56-abd6-4b9e-81d2-62e15850e465,good
cd2a656a-bbe7-4ace-873b-1c106ecf9808,good
d61baed4-9ae1-4100-b1bd-bc6bd31d1b33,good
d91da4c8-0a64-46a6-8038-2e917e9b2c54,good
ddcce029-e605-4bfc-924a-772067f6d445,good
e40ab897-cbf1-442b-8a88-89e00fd34da4,good
e44386f7-1261-48bf-a365-44d916198bba,good
e57436f9-06d5-458e-a59d-ee567c55b054,good
e9fdd29d-b2a2-4421-819e-e7c627e64da1,good
ef836e4b-5814-4d7f-90a6-b71552187b5a,good
efc981a2-7c1f-44ef-be7f-f3be81277594,good
f1be6322-f84e-4e37-bf19-58a22089a780,good
f1d0a490-0262-4ae9-b7b1-ee20bee29f18,good
f618c53f-76de-45c1-9693-a5fbc6a1cca0,good
f82bdf07-d763-405e-9c43-098ac76fd59f,good
fcb915e7-b1d3-4296-90c5-a42fe37dd8e5,good
fdfa1c49-fee9-401d-b1ef-8039e7579812,good
fe7e0915-75d4-4692-bde9-911577efdc8c,good
8bd2a557-00f9-42cf-bdc7-378f61572cfb,good
86aece75-f7ef-4a91-a520-b7d008d9e2b4,good
b9288b30-85b6-4aaa-912c-5f3573b33aed,good
b08604ff-416c-496b-a17a-33489aa4dc52,good
f5a110b2-d2d0-4bac-9f4f-60661a84e049,good
feb6781d-d33e-4760-926d-cc0a68dd29ee,good
ffcdcee8-3098-4aec-aba7-d25a92484904,good
aeba42cc-a622-4dd5-ab36-a60826894a44,good
3a9e68c0-b6db-4296-bd50-5f8c93ff3701,good
7d90dd9c-c795-4c24-8dfd-a49c9fdc1fa0,good
760e9405-8a6a-4b1a-99b7-0c4ee3e39f0c,good
75acf546-ddd8-4bcb-a4fe-0ec10c80beaa,good
723df404-3e1b-433e-b5ce-a6ccdfe3754f,good
7cb50770-ae3a-42a2-80f8-f50b2256cb1d,good
7ad76bf2-f3fd-4572-b70a-294c604982bf,good
dab66da0-4c67-4c62-813d-b65835926da8,good
dc089cf2-bdac-4765-9919-e5ce144e7653,good
d6ef5865-bb99-4a9b-bff6-ffe4b10819c5,good
da3f6cab-f758-44b5-9ba4-726977508f69,good
9004653b-82b0-45e7-aa3c-700f5b978a00,good
91a0ad0d-a8e6-4a09-ba35-9a26f214c27b,good
965aef5e-e2cc-4e14-aa2d-8fbc94d15eef,good
9020c940-fe74-423f-86f1-9cd0f5d1458d,good
913404fe-9fb5-4331-93ac-d82a2b52f3ae,good
9462792b-094c-4aa5-a5dc-5588536d51a0,good
4c385c61-b642-4aca-9d56-26b6d610e7aa,good
489742ce-f148-4a8c-84b0-ec6c513051d8,good
e23443a9-346e-4cfb-ab03-6f5fb3e1a14e,good
e0c7c3e0-8280-4c1b-8d21-d2a3fc3bff6a,good
0a51e0db-58a3-46a7-a107-0e440f15d814,good
09d293c0-0e5e-48ed-8d67-779c8f9e1f08,good
012cc65b-78ee-4fa3-8ea3-07806a98dc37,good
232c0a9e-1d88-48bc-99d7-f2c45841bf87,good
2fff4855-37f5-4c21-b160-2c9f7099e94c,good
2b602b8e-f66c-4e14-ba95-18c20def7a1f,good
28fed5ee-0ab0-40bd-912c-801281ae8c94,good
2880ad8d-841e-4c30-9fb8-d60d20ed48c7,good
c5434ecd-f8e4-4255-97c0-f747337c7a23,good
c209c879-3c57-4b67-a0b0-1ddaa492342b,good
6ce6fc70-cb8a-4b2a-a79e-a20d6e3c416a,good
6f10e58a-82e8-48cf-b58f-e91a88db15a7,good
6bf60116-6f0c-4026-b647-ea25d809171c,good
6a0e9ad2-7e76-49ca-b156-b55bf73be87d,good
66a091d1-9088-48d8-a4ac-30b3d255b356,good
6fdf28ed-ae39-42fd-885c-99a471a439e1,good
6160030e-ecc2-447f-b803-4403699e2179,good
5ef739cf-9367-4ff0-987a-b5c18b2f7671,good
57e6e391-fab5-43b7-8a17-b85b8e031aff,good
5d7e0f10-4585-4249-a8e6-56649a907486,good
559b48c8-5544-43da-ada3-dd861a8c2fa5,good
1cbafec0-14f1-43f8-ba11-bf16e4356b30,good
1066d3cc-cc46-44f4-a1c5-83b0671b8c4b,good
11ced4fb-019c-4db0-9dfd-7102888d17f9,good
0001fac4-7624-450e-a57f-8c0676f1b3a4,good
008e006a-325c-4b98-9604-e2aad9d1a3cb,good
0234faa5-5d08-4772-9bee-4c010b53ce79,good
0258fd01-19d3-4b2d-bae1-efe26d3ac05b,good
0325366e-0cff-452a-ad5f-f1849ea56865,good
03a77d5e-847a-4e1f-9ed6-0bc3b0edb08c,good
03bbff2d-824c-43eb-952d-aa4683f435b1,good
054f3e6c-3678-4ba3-9d44-d222d3f42d13,good
0841d2fa-d687-42e6-9fe6-7b13680b6de1,good
084524c8-275d-4889-be8c-db77d78c2798,good
08e81a60-6788-4682-be49-52b8e2a55e1b,good
09cf0749-b329-410e-b47b-41150c9af792,good
0bdad30f-9029-42fa-a7e9-2fbc07ce225f,good
0d26eb86-088e-4fe1-9db4-e41dacd598aa,good
0d8ac625-03e1-4e6d-8bc8-83f5bce1e9de,good
0eb48686-2814-4dd4-aa6d-c47c72d360dd,good
10cc3bc7-2e9b-417e-896c-293a98478cf9,good
11024354-5537-48b6-bfbf-fa6739570f67,good
110e387f-9a84-4fbe-903d-c402bd1167c1,good
1120d3c3-6cef-4108-bb00-dd1142e3618c,good
120b47b8-f137-46d1-a951-f645f40c8c7b,good
1265f110-324e-46b4-9181-84d3025f68cd,good
12949b8c-f08a-4939-8641-2af067b92db5,good
1344a448-3935-4c62-ad32-c742cea29c4c,good
136a8693-daed-4463-8ecf-96a4eb6010e5,good
136afd0c-70c4-4bc5-9c25-b81900121d10,good
13ce6f58-ef61-46d3-a65d-ab441f76533e,good
1408ce16-3151-4706-8b35-7bf5b1893bcb,good
143d1397-08ec-4bce-9db8-786039dbd570,good
14eb3810-54bd-4114-abf2-110d37d56ace,good
15d3e2b6-a603-43cf-859b-61efd20e196a,good
15e06a6c-f8ee-4ba7-8e99-cd1d3b9f4824,good
168bd623-31ef-45bf-b63c-dfa844d10f6d,good
196bce39-c543-447b-abd4-c3567ddda5ce,good
19fc9fc4-7aa9-4d03-8990-616508d620fc,good
1a6763f2-690d-46e2-9807-1e1f285754a1,good
1a854228-7bfa-4600-9425-37e56f320f92,good
1b6184fd-d4a0-40df-b701-b7224214d27e,good
1baf08cd-35eb-432b-b94c-d892fd728dc9,good
1d0778cb-7c0a-4ee1-bda1-ac5a2609a0b6,good
1d681529-df4b-49e1-99e4-f0eb7c6c86ff,good
1d7be2a7-7466-4cfb-8372-49f0aabe6e46,good
1dc751e3-cdb4-4fe6-ae2a-19b7a7560a4b,good
1f1864be-15c0-4088-91c1-6c39d4a6646e,good
1f34bed6-682c-410d-a216-7b74ad7fe8d3,good
20212097-fa00-495b-8081-54f7d3e97f69,good
21027adb-04d0-4cb0-a7d8-5f938acef6c3,good
22853e34-76ad-4384-84be-a131bc9cc2ac,good
22fb9553-3a57-4b5d-906b-bc9a71c4e52a,good
24b44597-8bfb-4677-8600-7f92ee1389f6,good
260a6513-b1ed-41bc-a98f-dfdf3266f9f8,good
278d7dbe-a901-4b5f-ba1e-2021ade61f0c,good
2866697b-08e6-4919-8f41-a43002ebe8a7,good
2869f218-122f-450f-874d-8e1d0de54361,good
287c0dbe-cc96-4744-8c4a-1b353860765d,good
288309fb-368a-41d3-ac0e-f04db28f51f7,good
28b51f51-1af5-4fb5-a0f9-6d366eb9cd7a,good
2969000b-a4fa-4c30-8301-989b8306b4cc,good
296f2486-9d96-4155-aa01-11151fb3c9bc,good
29b7ac24-615a-4577-9005-fb00a30815be,good
29ea434d-08eb-4ee0-8f0f-e5604f023e4b,good
2a861514-0453-4250-b7ec-3435f2395d1c,good
2b36cfda-94c4-440f-bc58-f91f28932de4,good
2b55de1f-6fe3-418d-8502-96a97c996b68,good
2de28c71-f2af-44bb-9159-6b736ed30502,good
2e09c297-5ff7-4d76-bab2-ff2f264fe861,good
2e298fe3-eca6-449f-a9ef-d52b59d81702,good
2e68cbb9-596e-43c1-af1e-faaa1b81cdf3,good
2f07f12d-a14e-4c40-8f8c-c227c9cd3279,good
2feebb35-0938-48fd-8ecb-00d2dcbfb95c,good
2feecc28-be8c-42f9-81ce-5fc60a954704,good
30d6c7f1-1102-4fe4-8798-d4c16eea84f5,good
31c88281-9a93-48d0-80d0-9fc7ce69d16e,good
31d7ee68-6006-44b0-b513-2f603a1ccbc2,good
32ab892a-6352-4353-b7aa-44ed9c40a1a0,good
331bd3dc-ce99-4239-833f-823df167d28a,good
3357af02-91cd-4913-9b70-ec31bc1c1093,good
3466a5d3-f222-4e88-8095-2c421f1231fe,good
34c6acb5-fb02-42c9-a5e0-115e0faf89ef,good
34c8eeee-61a1-4f12-b0cf-88cbf72144f5,good
34de587e-ec13-431a-8b55-17c5245337e5,good
358d8efb-c51d-4eff-9954-0afda88aee20,good
362134fd-7bcf-43df-a836-3018fef213ec,good
366a5826-5478-4333-80ba-c04a42ad6dcb,good
366a741f-9fe4-4cc6-9b93-9849e8c999aa,good
36891e4b-4059-4372-93ed-cbd1cb8d7eb1,good
36d46d1d-9cd6-4418-88eb-6588414a2035,good
3709b5f9-5df1-4af1-b7f3-d4990e2444b7,good
3723c01e-6920-44f8-8260-bf62e1de22b2,good
37932104-1b35-4c80-8e74-a3fe06634c11,good
37979a7b-f339-4f5d-9149-8d77a308b982,good
37f94d0d-204f-4824-8b89-13003f2efa65,good
3815855f-3af5-4a41-86f1-9d1fc3a4345c,good
39b2d82e-1799-4930-bb17-7b263dc641c7,good
40584e34-2e87-493f-a091-6474b8f92fd3,good
41a987ec-adfc-40bb-a8af-b04485a234c1,good
42429ff6-c6e9-4c55-b64d-5eef2e90b383,good
4262c4ca-c2d1-493d-952e-3c5a808e9122,good
42e21f44-f824-40b8-985b-3a4e2d2bd17a,good
42fb0e0f-a65f-4d57-b448-9d2e57457aef,good
43d6670a-77e7-4a3b-8378-4041ae2e0499,good
440185ad-4153-437c-b97d-e73b9f734113,good
444fa55a-054c-47a7-83be-9608724437ee,good
44f7296f-f6c9-49e3-93d7-0f9b855b11cf,good
45755996-41a1-49ae-8fe0-754c1b972679,good
459c400e-2d7a-4be8-be47-0f58c0040958,good
48a05573-3c22-46c6-875e-d168db9eda1f,good
48d170ae-9cb4-4b7b-8f99-a1d7672ac341,good
4bf280b7-d006-4db1-9b71-41d8ec50be2e,good
4c2266e6-f320-4ec8-a280-ade25fc44269,good
4cdaf97b-e948-4066-bb2e-56f1712013f0,good
4d7518f7-9bcd-40b9-b826-9b2ed8f95506,good
4e8f3d36-bb4a-4fd8-9e20-aaf0d35dbed4,good
4eadcfcf-58b0-4023-9de2-902afef0042b,good
4f15ad1e-0ea0-494e-94d7-69cb705bb403,good
4f6a4e21-f4cf-477b-b5de-571cc1c92474,good
4fa7fa72-49b0-4e29-bd5b-59643e87e7ab,good
4fb711d0-13d1-4d9f-a0f6-f5e2a14aa08e,good
506ad007-af01-4fc8-bbae-729cd26d81be,good
51cdfeec-128f-4257-a4c8-c5eb0c1c4d72,good
52e60343-0584-472d-b35b-f77280abc1a1,good
53237a62-0d2a-4b09-9433-69a5794284dc,good
53eef51b-3595-4d7a-8f6f-aa7bfef807ba,good
543c99e4-6203-4f26-87d6-1d29690c96c0,good
5499bd69-f335-44b1-abd5-46bc3a5d3f51,good
5541219b-5f99-4ef0-92d4-4cbd3000e973,good
555501d8-5627-40d1-8e1c-dd9a1fc6650f,good
55743cb9-46c0-4d45-96f4-f80ed9131450,good
57ae68fa-cc49-4e1d-9f86-30ebc8fc58a8,good
58af6b1e-ec63-4db6-b921-1fd8b02624c3,good
5bd8c66f-0a70-4366-a232-b84ed74ec73a,good
5ca6b94b-4561-4c21-b248-812e3c1bb5cd,good
5d470b07-e920-4661-8ec3-3bb584492523,good
5dc8bb16-f42f-46ae-96d7-9b75ec6f6c9a,good
5e6c8a70-455e-478b-b9a2-532891cf2d35,good
5f180196-c897-41b6-98e0-d30b20c8daab,good
604b3cf3-04ef-4e47-b081-4458c04b40a9,good
60de9f58-423d-4a9d-94e1-9b1d309a9b18,good
60ea7dd2-ea7c-4db6-82f1-406c0bb232f8,good
61b1ca52-6497-4050-944b-0c5e27241766,good
623b2cd7-b339-465c-8db2-f805fd9a9eef,good
62632edf-86fb-4b4f-b0de-79c4cc169248,good
63f8101f-0657-4bd5-8612-d04a33e6d627,good
63fc0107-3986-451b-b119-92b9e4067b56,good
640111f2-80e7-46f3-bdc3-89586df6eb3a,good
64d319af-3350-4380-9ca5-f1462c77c3d8,good
651e5d7d-a03a-4e6e-aaa7-932a25c00119,good
654a0d29-5427-4686-ae51-f2d6a0198f91,good
658dd9dd-8326-41e6-91ce-f4ebbeb00e96,good
66356f0b-bfb7-4d92-af7e-b3b211bd8a44,good
666148da-9889-470c-a2cd-efc9fb0c7199,good
67f59e70-3261-4d88-955d-51b5fc25f833,good
690b0bbb-7649-4328-b8c2-398b7253be6c,good
691a5d8d-7e93-4909-9e4c-410ff5b3221c,good
695b02f5-6540-44a0-ab64-aeeb0280aaf6,good
6966d87b-7fe5-42ed-8748-1cba97a693e7,good
69d8064a-1b6e-49af-933d-3e689b380af0,good
6a5cae7b-456b-438a-bbb3-fcecd737dbeb,good
6b93da72-2ca8-4f06-b79b-33b4a3e089be,good
6c5689a1-5d26-4bda-8351-6a330c3844a8,good
6c5c50a2-95e1-4759-8860-d2c574fd1260,good
6d085c0e-b7ce-4ba7-8f1d-58dbcedb0953,good
6d1708ba-1441-421f-8be0-655dd898e99d,good
6e4eb374-fc89-4dd6-9464-216bb90f8525,good
6f429fa1-3463-4d9a-8e89-9ac3de2e7480,good
6fd0eb93-9deb-48f4-83e3-3b9774fa2c76,good
6fe0a449-9749-4709-bae7-cc07c2f35bcb,good
71c7b831-6803-419f-a5b0-fd214a2ef379,good
72d0365f-b0e1-425a-8639-5d4c26816d83,good
72faeab2-5eb9-4d2e-b894-a78f6289e6cd,good
748e4b6b-287d-4473-8724-d77f0c22139b,good
749d932d-ad7a-4352-b804-6056a8088930,good
74afd6a4-d7f0-43d8-aea7-d91b92750fbe,good
754e2fc2-308c-4b60-a989-bceea67582ca,good
7604cdce-66cd-40b9-93d4-bd7d2bb3e5f1,good
76875276-05cb-45f4-96fc-c9e959e3bb24,good
76c150e7-be98-4398-8a50-143f03f94527,good
775aa6ab-b84e-4dc2-a9f3-21eb5b4a9af4,good
77e1a9f2-da30-40db-90dd-bca8e0fa4f51,good
7853e669-ced2-4944-b187-738d2d836c40,good
789d1eed-d92a-4313-917a-baeaea6f8965,good
79ab3d1f-32ab-4e0a-846c-6359f542c2a9,good
8000e13a-ad98-4df7-8867-35f588247513,good
82154684-4e08-4d93-87d9-99e9514ab311,good
83467a55-dadd-4835-9c78-7d61a47a7262,good
8400f057-cafe-44c9-85d7-eb22a9d7be63,good
843c4ef4-643b-41a1-b9ff-47ae0429a30a,good
86481dfa-4026-4e37-b6e2-7ea8fb7d1124,good
8660eb75-f6af-40be-9dd8-290e05abfa55,good
871e550f-75ac-4937-abba-93fa9d584551,good
885cf293-85e3-417b-a3c9-e702f568dcdb,good
88da3cb6-30e3-4a79-8618-032902b68894,good
88e689b8-c2e4-4bba-a65d-27d446a69029,good
89d3d049-d81f-43bc-8535-337c3ee0d4cc,good
89dd0317-9209-4562-9056-c941b659b018,good
8a9718ad-cfcd-4ff3-a9b0-e6c98793e465,good
8b10a1b9-3773-4b7d-96da-61397af8b94d,good
8c5ea733-6172-431e-ac9a-cf30df2c9b2b,good
8dd1d9ec-bdc6-4edb-939d-69e7c473cb43,good
8e0f7f28-45d9-45d6-a415-90672863e4c4,good
8eadc477-e11f-4c25-9197-4137118e4db1,good
8fb4d310-c527-44ce-8f3f-b6601265b4fe,good
901b2e43-88ad-4654-bc3d-3ca70709e4f1,good
90b1c867-cfe4-4a28-9f22-80dcf21d4da9,good
91593967-86a0-4df8-bf63-d5123a39c265,good
91a15f97-4d03-4520-b6fc-1ac3d9361160,good
91a738eb-7b01-40e8-9c45-7f6150db7282,good
92154075-5a74-4751-a6be-8d4e80aa5a25,good
933daea9-8472-4be2-bf3b-c9ebe58d1012,good
93cf932f-16ab-473f-a927-97b6f1012298,good
94265c86-6d43-4d31-9707-7260b7d10798,good
9593ccb6-26f8-4b9a-b4fa-4e8b721136af,good
965a29c1-7ef1-4b28-a5d3-5833b963b631,good
96b352f0-7b3f-4e69-af5f-da0d02132d2b,good
97092f93-f2fa-46da-ab44-93d7fa845cd1,good
970b7969-a747-4164-9e47-25afaefa18cc,good
97808c7e-d3b4-4f47-b7f2-a5bbe4afa9b8,good
978d36fd-d6a7-40b7-9306-bcb763f4b628,good
97c1ccd2-82e1-48e7-91b7-fdb32a44f8a1,good
9858ea8a-6ebd-4824-af5d-31de6f563a63,good
993edfdd-db74-40a6-928f-c6197d6852f2,good
99f9b8ef-67b7-4e01-a3f5-942855074d5a,good
9ad65f7f-4d29-4b7d-8e39-e87f7818b29b,good
9ae13c82-a7a5-4d56-a60f-026ec76ea39e,good
9b469163-112b-4621-92db-58054e88f301,good
9c8e86c5-e4d4-4d0f-a2f1-0a56d2a77be7,good
9cf38e91-0449-4265-99ad-9fb346c83858,good
9d28bf9d-1d75-420f-a606-67131e968485,good
9d8043c4-1777-4f89-9191-f180aab14613,good
9e023580-c955-4940-a4e7-83c8a090be36,good
9eff4489-6fe6-4cd4-9e04-1ceb1f185c7f,good
9f75a043-1275-4c5a-a726-2ff2566ba607,good
9f9eb641-8130-460f-8e22-f7c73c6c6108,good
9fa8b699-c5a4-4425-aaec-25e8f4ac2cef,good
a083904e-35eb-464e-bed5-9d8c07c33df1,good
a18fcfdb-24ce-4ef4-bd10-b61f1344f1d6,good
a1c7c120-5b53-420d-8960-ea732e80a982,good
a1d35c60-bad4-4505-afd6-8482e739986d,good
a20d70dd-8cc1-46a1-a0fe-226e534d9c93,good
a2d8942d-b43b-49c0-b8dc-b9d7111381ed,good
a3578d31-d01a-47ef-a8b4-5543e89c395d,good
a36d8927-cf41-4fd9-a8c6-a0b97b1b629f,good
a3d4adbb-ee52-4da7-baa2-3aaa8ad17487,good
a50e6382-f212-4237-b546-ce372215f442,good
a6176b30-5f52-4bc5-9777-556ca5d95e45,good
a68324fb-ba97-4650-a75b-b4b7c7d3a091,good
a7420831-8a60-446e-97b4-7447aa80c51f,good
a8408507-ec8b-43cb-8699-866a5029c45c,good
a8a9369a-fbbe-4ca6-aa73-5aebb834aef0,good
a8bf8876-cd3d-4b65-9d57-bad7493e29b4,good
a8e46ff4-d61e-450e-9ce4-8058ae3a95c1,good
a98613fe-a12c-4952-8dcd-62bf185c62be,good
a9dcf57e-7a64-46ec-aa9b-b5937dca6462,good
ab0a0f71-81d9-494b-9d1c-de874afa8d17,good
ab14f9e7-4f72-4cd8-bc0f-deef0a9fc214,good
addeddd8-e236-4ce7-b389-ce4c6232abff,good
aed03740-98d7-41e4-ba12-8fd4d0201a8c,good
aedab0b4-e1f4-4cb2-92bd-6a4202efad73,good
afb65ec0-2606-4cc7-b9f0-f074f129a606,good
afe8cf30-b742-41c8-9773-750611812f4e,good
b0096fca-54c4-4c96-835c-b30cc49463ca,good
b1be2ac9-17e4-4d50-9c0e-c2e9d37efa05,good
b2313d66-9cef-4f29-a307-2006badc00ba,good
b36918d2-9a20-4b43-8262-226dc3cd05b3,good
b3770d85-67b5-4d96-aac5-6f3a49d33149,good
b431aedf-802c-43e3-9080-521edc190c0b,good
b451f8e1-73fc-4c92-bb88-fc21829a90cb,good
b45a0eee-d493-49f4-b423-2863fb78261b,good
b552b793-7662-4b64-a9e5-871c4ab5100b,good
b57ff6f1-86dc-4e28-9900-df237a579f0c,good
b7a2ff82-a6dd-42a5-9445-3ab06ed1a0f0,good
b7a746ab-d77a-4d02-8f66-acc393f0b9ac,good
b9a9ea5e-0b4b-4726-9399-7333c1c6a9b8,good
c085e533-cfd3-4ee0-acbb-dddd36f18f8c,good
c17703e2-3152-4609-bd97-26f13c0749a6,good
c1ded05b-9792-4bb2-9a54-c8e8255a736e,good
c1f2e3fe-0bd1-4332-a350-2f9f229a6ba6,good
c2a4981d-2426-46d7-bfa8-41100304668a,good
c40c393b-4a5e-480f-8e0c-0687252e6685,good
c430f2b2-811c-4938-8426-b36b78bd3a55,good
c4318ae4-ec4a-4ea9-b8a6-f512adf460cf,good
c5c62d63-70c3-4ffa-95e1-11c1b5b979e9,good
c697300e-9d35-4f93-a22f-6cf5edde0a01,good
c6bbc95a-c926-44b8-9ccc-7d6dca99e56e,good
c74e0763-939d-4293-9ddc-d2558a77574f,good
c79b542a-3b0c-4692-9628-33cdd17b17c0,good
c7e82ac3-1ba3-4f49-b77c-56fd8cfcc84a,good
c8719f8d-7949-43e4-a303-3c37531df0a8,good
c8dfd13b-9a7c-4e09-aed6-b86f5d770198,good
c906d2e1-8297-4602-be98-dc99389a2233,good
c9b2283c-8417-4401-93c6-b62e1471b83d,good
ca420b11-d4d7-405b-ba26-903dfa3c9b1e,good
cc792d07-9256-4f26-b4fe-e475c3eddc04,good
cd85cebb-08f3-4ee7-ad76-83f6a1fee982,good
ce095b1f-c657-4f52-ac7d-1a1a6cc0b7ab,good
d077a1db-4e02-4612-a20e-0b3a13db0595,good
d0bcb936-fb7b-42d0-8c49-d50b92d0b836,good
d10ebf10-9707-407e-9451-de287649bc5b,good
d20c97a3-3a20-442e-af29-a8ccd298206c,good
d2c4db95-a17a-40a1-b73c-cb53417f2a40,good
d3d37662-6db1-460a-b978-8e9afbd3c783,good
d3f82d4e-2917-455a-b2d4-e343938cace2,good
d48e759a-19fe-4c12-bf98-6d27b0402846,good
d4d9b531-630a-40f4-a2ad-84fc88537f00,good
d4f7de8e-844d-4da9-913e-c040d5a2b24e,good
d5660d70-9009-46a6-a8ef-2abc7ab3088a,good
d6243d55-bb4f-4518-9c1c-d507a5d3843a,good
d67cfe76-3d8f-4cce-906f-a7f10a361234,good
d6c7ad2e-9da1-4fe8-8890-2c0b78888667,good
d7a8c375-a65b-4ab4-bdef-3f6dbc10f090,good
d873a060-81cd-407c-97bf-cac327bb59c4,good
d8df6f31-a11a-4667-b371-2ad2a1fecdf5,good
d982db43-7204-4836-9bbc-c7d096cd26f0,good
d9b9825f-331f-4093-8c47-7e1a235a35ee,good
da2e0a79-4764-4490-917e-757a89cf0049,good
dafb8b62-b0f3-45eb-9bc7-6349134fe14b,good
db494366-bfd4-4e0f-95a1-26d79551395e,good
dce0e0cd-f652-44dc-8a78-826eb48d03ff,good
dd4288ed-feae-486b-9631-c94e38acc510,good
dd4dc55a-efa0-48cb-afef-1ac04ab39fa3,good
dd736116-cad5-4fb7-a598-f40ab33e8fe5,good
de1904f8-4f2f-4e38-8ef1-e165850f0cc7,good
de2b0b1d-b952-4dff-ba5d-09f811a409ac,good
dee53baf-c2ae-4c21-9159-8b8524aeb12d,good
e129e13e-e206-4cc3-9e42-1aa711ad09e1,good
e1deba62-6681-4ec4-b983-814265c349e5,good
e3340c70-0035-406f-811b-13ca7315eb4e,good
e3bfdc8e-d18d-491e-aa38-0753c07c57e0,good
e4bf25d2-e19d-494c-a608-b88db03232ae,good
e50f5b52-955f-444c-9ad6-80997dc81626,good
e5eee3b8-3b27-4718-8cfe-6485b30782c8,good
e71fb21b-d0e6-41ef-ac51-002616885e36,good
e82bb876-f2dd-46ae-bee3-5b3e1feb9873,good
e8711845-1a80-4ff0-ad56-10362cfce00a,good
e8faf732-01e9-4b6a-8873-65911b38ca6f,good
ea1134a5-4728-4cf8-9136-a808f6d84e1d,good
ea9c7cfe-cae0-4445-bce3-d16678d604d7,good
eb6a9b19-6aca-4107-86dc-80db30a6aa2a,good
eb767193-2ea5-4782-b422-a29591f79a58,good
ebf923ae-2be1-47e8-94d3-ba795fa8060a,good
ec5da3f1-0d7a-4230-84da-7c11b2837580,good
ed148e41-80d2-4cb5-8ad3-a440cccfbb0a,good
ed9a894e-89da-4532-974c-ca7b75ffea19,good
edb28fd1-761c-47a3-8a29-8b7d07f8b2d2,good
ede40499-700b-470f-a9e6-c82f51946c44,good
ee1b2246-5f11-4aa7-815e-15aefa752564,good
eedded1f-00fe-470d-a620-3ea90bc43648,good
eef2f212-fc32-48ca-8e48-4dd3ef0bb720,good
ef0c8f11-33b2-4297-ab01-297f18ce4322,good
ef657dd9-ec0e-4d20-91b9-842e25e5402e,good
ef8320cc-d8c1-4e26-911c-8927f94b53ef,good
efaa568d-5262-4ba7-8c8d-575356a89c6a,good
f0968051-5a48-4b0b-ab54-191f5640b0f2,good
f1527a0b-db18-4b65-9aa1-edb028602397,good
f15df190-7a34-4c04-a8a2-ddd10e670b85,good
f20a042d-55cf-46ac-9cd4-391590fe6a83,good
f252cd05-44b5-4430-99fa-6e993b45118d,good
f31d0397-5902-4829-87ab-4e2413a88b2b,good
f38895d4-eaed-44ae-b3c4-722d954905ef,good
f3b39ea6-8741-4374-bd44-b5452a9ae4c4,good
f3ffbfc9-a4ab-4fb5-a1ff-8a6a3a576bba,good
f4dcfa11-32fc-48f3-a685-e899ec0bd6e6,good
f7a67daf-6df1-4112-87bf-4b590213c6b6,good
f7d915b8-9fc7-457c-b0f2-313644510fd9,good
f85b02b7-d52c-4965-98fc-05a73bc51aa0,good
f9e64835-e8a8-4733-8f17-d39b07601962,good
fa077ff3-d099-4a79-a5ab-14726e8caf46,good
fa1a0357-fa4e-4fa1-ad9f-9e5c166828be,good
fa6d43ba-42b3-4cb2-9b67-d39c967f436f,good
fbffcbcb-4086-462a-9e7d-ad06aa93a878,good
fcb3fb5b-bf16-48ea-af46-1b66f11e0a99,good
fcc0fb53-9660-4d31-81f4-b490c38c9e33,good
fe4bb47c-1949-4fea-bd23-2d83a4c34676,good
feb12626-460e-4d8a-8126-265bd4d98011,good
ff55c322-17fc-4fc2-85bc-0ca84128a372,good
8c53a2fb-94f1-4e76-a883-016e1c093c73,good
897a0eb5-ca1d-45d1-9dc9-743602ddc51e,good
897c06fd-a672-45c7-932b-90168ab83597,good
8dbd8e74-400f-485d-bc41-6f833318a5a3,good
88ed0f46-6219-4b24-b4d6-54e8686591aa,good
80bfd38b-3048-47a5-a929-9372ab1f227b,good
07da147f-9a4c-40de-86b6-661bbe7d4dda,bad
47eaab1a-667b-490d-8094-168e7d0d9ad1,bad
5803ae4a-127d-4479-971f-d0ead2000536,bad
592b934d-3404-48b0-b910-973f9d994487,bad
b075a92d-f3fb-4b4f-9416-0b31b0d475b2,bad
c47fd1b0-5a1f-4452-bf3a-f756a15385ea,bad
af9d6e82-d0f7-4fe2-8989-1c60a3d81ea3,bad
06c60a4d-f7c9-4d57-8d08-e09cfeacba36,bad
e4c04c47-e6a7-4a99-be25-c9595797cc4e,bad
9b572bf2-1cc5-4fff-9215-d180b6ca7b34,bad
c1a0a438-f5cc-4f63-afd3-a6c510dc7585,bad
c9ff3692-80bf-44f1-8c23-89f238a0389b,bad
f71564d9-f88f-437e-b1dc-e2f39a4fecde,bad
d3842a78-ac75-42c0-bede-49fa269fccf4,bad
626f644e-3338-48f2-b832-dfb97748482f,bad
9b9809f6-33bb-40bb-ab14-2e50182533fe,bad
fdee0a21-37f6-4593-bafa-a775d7b2b2b4,bad
44b7e33f-9b50-4dbe-a26f-d656cad6b867,bad
6ad60a3c-d29c-4f7d-97fa-84998e8d7b70,bad
c4362bca-2e00-46ad-a714-ea5a11f9210f,bad
cad5acd5-f73d-4bed-a4ae-11946af6e097,bad
a576c35e-6c65-4127-9554-577f892757cb,bad
7f4b3b91-14e5-42ec-a292-28b3bb34742a,bad
ce5b04e6-6e7d-430c-ad39-9b77587ebaaa,bad
59b263ab-0ea3-47ba-9ead-95c009e6d502,bad
604535c9-d215-4219-855e-7cec5a6d268b,bad
deb78a37-da18-4aeb-80ce-65faa7d4b84a,bad
955eea4c-9240-4f9d-b91f-9144c1a58cc6,bad
41290887-fd4b-44ac-908a-501390fa4b01,bad
42eedc41-b642-4bd9-877b-63867e924e5d,bad
cf22da16-d077-45e1-8315-a8c3c52b5e04,bad
275dc4fe-252e-4fb5-b701-c21d9c125984,bad
7cd08d8a-4b1e-477c-a765-2fa21ef43e75,bad
02881433-8016-41db-ab44-4f96b2cb4839,bad
519dfe67-22c5-4e08-9ba6-5831e6ad1d0b,bad
58b65662-aeb9-4ea4-94a1-8793fdc2ac8d,bad
aafff380-09f3-4a22-a53c-f701a6a60f16,bad
e2cf6d32-46e9-4c5b-8918-69c7bfe01781,bad
685fd1e0-17a9-404d-8630-a41abd7ce0cc,bad
00fed4dc-9ca7-4da6-beb1-c650332d3b61,bad
c7f95302-8ffd-484b-9808-1bc5cd1965c4,bad
f1cb5962-6203-41aa-8122-d145fa31bfa2,bad
8df680e7-77ff-4f53-9814-1d78ed3fb64b,bad
ae79ee14-4e56-4316-b25c-2557638c4531,bad
deaf3dd0-350e-44b2-bfcb-db72e4a4dd5e,bad
c59771e2-9602-458b-ac83-c8b9f30410d9,bad
1d561839-9046-405f-a81d-c89954f9b2ef,bad
4c0f40aa-7429-47af-9c72-f6ea42e08c00,bad
45fa6dd8-71d1-432a-9bbf-4d5b8aa2866d,bad
e25e6c31-ffc3-4a20-bf7b-ea49f2ce1958,bad
20c9dbb8-c322-4448-8de8-82a722af6964,bad
0b9fb643-ad51-4253-8aaf-4b309c658c51,bad
10863ca7-9a07-4e20-930e-133f42d35362,bad
1b0dd691-1360-4031-9abc-223c550203e2,bad
60c8de07-b763-4fdc-a76e-d61975385c88,bad
3a051d5d-0545-47a3-9d82-c2487581c668,bad
c8e62995-e286-49b1-bc29-1c5e5b35df75,bad
a56e304e-51cd-4faf-8602-306d53858984,bad
b6356593-4852-40f4-bed4-c1d05ce6e5e1,bad
0f30738b-2287-4083-b7d1-da56214132b3,bad
5ae988d2-5336-4114-84cb-c1f9a4b9baf8,bad
dc6ce9b3-349a-4f61-9c32-151e2e76b74c,bad
e4ec160c-92f6-431a-ab2a-b26302d0c641,bad
be38a613-8a5c-4a2e-b02e-d0ad66f26e93,bad
4ecab8b8-8d86-4eed-8ce3-55bf2afed0c4,bad
e377684e-7d09-430d-9653-b2f84e826648,bad
569e428c-cbbe-4b86-930f-5534c5c0930d,bad
5ef79b8b-ba44-47d5-9f5e-1aefcc570f37,bad
124de10f-2ad7-493c-b5d1-efa99f283d54,bad
0a22aa3b-85c3-4c0f-90b1-8c139539e200,bad
2ebaa08d-45c1-44af-9c39-e2af6ead7319,bad
4f1380eb-8d55-458d-82bd-54b2fb8142ab,bad
59ff3d3f-2119-4109-812b-902f09b0ca49,bad
5d691ec4-4cd0-434c-b797-b6e4855c8f22,bad
722d0d1e-7ad7-4d5c-8ca6-840f0501d62d,bad
cd2d9823-a71e-44de-a54b-9d8db5ffce7c,bad
f10ce3b4-d079-471a-9d0d-0cd0a1ff018b,bad
f84b79eb-2ed0-48e8-83bf-cfd3bc38982b,bad
3cab369b-c9be-41ad-b3b6-54258af0c765,bad
769c58ae-5cf3-4a8f-9723-cc63b7331ddf,bad
d13024b2-5b06-47c4-b7ec-bbae2180c939,bad
4b6aa0a2-706d-46be-bf91-2b0196aa5219,bad
cf63df1f-24ed-4f0c-a53e-145c22a0893f,bad
63670597-ff13-4ccd-aaeb-0fe3f3d6ba02,bad
211d6973-ab84-4199-8512-b881d20ce1fe,bad
33c8108e-ffb6-42a0-8e52-c8671fe80148,bad
87450ea1-145d-4ae1-904b-8f620d4b2764,bad
923bd4d9-1de0-4f20-a196-f243150b8a63,bad
b7e91e6a-f79a-4894-ab8e-9fd4beffb703,bad
3cdd0895-7c1e-4502-ba60-92b3ecb415dc,bad
6c1c8ad5-435c-4a4a-b1e8-e4499c837a19,bad
a5466833-4e38-4b66-90cb-8987a155fefa,bad
b5bfe6f5-5bba-416e-9011-980c239bb029,bad
b2708012-840a-4bf9-bc11-bab17c041e36,bad
fa70d3ba-be9e-4b5a-91d1-4f1c5428def2,bad
2d5ebd3a-c95c-4c49-a703-2060d2209dfc,bad
28eca755-3046-4fc5-922b-2109127311bb,bad
76046779-96c1-4e7a-a37a-9eae969d3992,bad
bffc1ecf-c7c3-4c58-a374-c872a03daf6f,bad
f33c421e-ee92-4ef6-9587-5835164f28a9,bad
a84a1081-1cda-4b18-aefc-d54d43d7092c,bad
905f6d31-07f9-4346-817f-1bc38e6c6946,bad
ca63758a-29ab-437e-a90d-beb18375eb53,bad
f6913af5-9b27-41a5-abe4-c2598017403d,bad
1e13e010-a164-4d6d-a899-4bfeec2dacfe,bad
205fb240-7ea4-438c-8ebb-bfe258f58589,bad
36bc6d7d-9324-40f2-87fa-2bc5cbfe738b,bad
8f6743a0-8b0a-4923-89a9-58618931023b,bad
e6793627-bef3-46d0-90b9-29eecb09753d,bad
84b9594c-3f9c-491b-ad35-d0ecb42e12c5,bad
c9c217b6-0710-416b-a143-34ce0388026e,bad
63e824b6-44ee-4925-b27e-4d2fce8ca7a2,bad
92c5af80-7408-4d7d-ba43-bf456b318884,bad
d8f950bb-42c6-430c-83cc-824fee06a777,bad
8dddd696-b631-46ce-9358-9cb383704fad,bad
fff2dd70-38c4-4557-b27b-417f582b35fd,bad
03634ecf-5ef1-4ec4-8c9a-89be5df6462d,bad
2d141cbd-8219-4b90-b2bb-ab74fa7c65b9,bad
b62f0e98-aa04-4269-be44-4f2ed4ed2afc,bad
83e75337-7320-496c-b221-1f81d7b5ee24,bad
a41623c2-70ba-4b22-ac64-b07fbe6cae7d,bad
3257ebd4-74d2-41f8-ad6e-5167b1eefb27,bad
3147a6e1-3841-43e6-9173-fa8f4820f218,bad
d2c07b38-a5c9-494d-a831-de2e5ed7124c,bad
e553372c-d66e-40cf-8cc8-6bc55e0b5c73,bad
e85230f0-dac0-422b-b72b-4cf6898ac1f1,bad
06c03c9b-2095-48b6-b4a9-5fff550e85bf,bad
0dfe173f-4ccf-4187-9a7f-e50359e97d87,bad
334a0f0d-bb73-4a7c-b52a-5cd74ad0a358,bad
56f661f9-b5a5-4b15-8ef5-7660afb151fc,bad
69a41691-a570-4248-89c7-f42c49e2a308,bad
ad867cf4-952c-4906-b40d-2565ee302eaf,bad
cc415b88-b9ad-4e07-9f6e-a15780d824a2,bad
d81d6569-1b9a-40ef-8809-a88b2adabebd,bad
f3ae8d02-8b3b-4585-a1d3-7c5b862785e5,bad
dc87ec22-5f3e-4a63-9c2b-c9506dc7d906,bad
d9075f3e-9a9c-464a-82aa-85be41715135,bad
9206efc3-6f86-4ab5-9b7a-be90a774ecf0,bad
03332906-1422-43d8-93c7-a60774803518,bad
b4e7415b-b9dd-48c5-831c-a4a2088bfe21,bad
baf6624a-fc9c-4485-8beb-4aed5d8a0ea6,bad
c92e1159-16c0-48ad-a489-8229aad3268d,bad
e09341cf-2984-4561-a89c-1250bc86b85a,bad
e836f14c-a16c-49bf-8cf1-4e830f3e3407,bad
bb19f2be-b181-40e4-9a8e-5845b87bc16e,bad
9a151b85-16b1-4764-9410-7fd0c2a19e8d,bad
9195462c-4bc5-4bf1-9131-92f986851bba,bad
52c0e04e-75ee-4f93-85e0-72c799ec2e83,bad
4a849d57-e2cf-4234-b2c3-6b569b83a25f,bad
ff12e731-598c-49c6-821e-1a4ecf0dfdc8,bad
fc3055b4-b723-4381-aba4-7769c80f2558,bad
0a30c378-6138-48d2-af65-c176c0a2ab1d,bad
b6550dc2-01be-4f64-899c-dda7a2b9c2f4,bad
c3550bb1-a469-4e0f-8d8c-b78a10ff5fb2,bad
2051dc4c-1dc1-41b2-adc2-7754eba84fbb,bad
7733dae0-1561-4a87-a629-c0123a62c3a3,bad
ac509e8a-4f4a-4507-afe3-48383be4181f,bad
c89e154c-12e6-44f6-9caf-bdf307bd4446,bad
9c467934-c99b-4c55-80ff-81a14931d9a0,bad
ed3569c8-441d-456f-934d-07790d4fa31b,bad
0322a178-8eee-4572-8997-99f72356f4e9,bad
04f3ae5f-8f74-46df-8a65-dfb0f2bfdb97,bad
2485b5f4-0cc1-4a7a-a71b-8bbbc45ff799,bad
2a4f1657-d439-4d2b-9508-f5d6f4b5b3f3,bad
4a02cca3-3475-4206-990f-dc1f1c666a3d,bad
5885b9d3-7f98-40ac-be7c-1305d4e2af3d,bad
5dc515d8-3ea3-464b-9ec0-c7674b07f063,bad
915737d6-a71c-4dc2-836a-8bf5b96a91eb,bad
9cec664e-bfad-49b6-9945-2a9e6ccb51c0,bad
b78b9efd-1165-473b-b377-487673228547,bad
dfb7269a-9bd6-4079-8634-048cad23c6c6,bad
ed5f8022-4a67-4e1d-9ccd-003ba01f1203,bad
81cf3f37-ddc9-4a21-8363-ca219643d846,bad
f04f8fa3-5874-412c-8e50-167a3c466126,bad
f130eb6f-4881-4ea5-b990-d35dd86e2eda,bad
fa627067-9ea2-4c2c-903a-cfdcb2c55f19,bad
a7008fe8-3534-45a7-8422-4ad5eaeca91e,bad
371e3ec3-b286-466f-b7a2-a16e420a8d64,bad
7750b3a2-b167-47db-ac21-ce7533c986f4,bad
7f52346f-7f33-4ffa-bc7a-db0ee18790b3,bad
7c8cc99e-c1b7-4f1d-b61d-c2b76ac3a4b1,bad
778e7766-3e46-4b4a-9313-00e260e76c3e,bad
9398e76b-1145-4632-99fb-41d54be6bb69,bad
96ffcb33-bb22-4dd1-8af0-5b572e9bd6a3,bad
4d8b8bac-80bf-4251-ba7b-38676eb15133,bad
edf92344-a034-488f-a06c-5aeb436aa4e2,bad
e49b80b9-56a9-4b90-814c-7f349617a6cd,bad
023fe6a7-65bf-4690-8b3d-ceb7ba4bfa69,bad
0cc1e111-d982-4324-85c7-4ac5c0a69ce4,bad
030c019d-62b5-4eb7-b567-f79d5043d658,bad
cb6ad3be-b558-4c57-805e-4baf3f3b3593,bad
55015306-99b2-4f80-9c5e-ecc37c55c5e3,bad
5f2e593f-1c56-4c53-86d8-e8736e9472ac,bad
13cfc700-65ed-4f42-9f68-e2c5cfe7859d,bad
019615f2-0f7e-4573-8043-a9e89c73e960,bad
10b4c7d2-04fd-4a3a-9d47-7eba800a2c5f,bad
18de17f3-e33d-4d86-91bc-559fbb7d5930,bad
2ee21871-32f5-46ab-9542-d17b195e6489,bad
4672c57c-63a2-48d9-8759-70016d677aab,bad
61a804c0-532a-42f5-9b24-e72d9de42b37,bad
65e5a982-156e-43cd-b6b7-18a5cecb436e,bad
847d674b-ed4e-4360-a273-9460b4ab0f32,bad
914fb93b-79de-4b91-8037-b35d523bf04d,bad
f73d1c27-8ef7-4165-b04a-909035982f16,bad
f8f64610-e989-4268-8dd3-32b0869fe680,bad
8e88a5fe-6bda-48a3-9e94-f4e1b3d7473b,bad
f88659d6-4faf-4174-bfd4-8ef818952232,bad
92ac608c-2eba-44af-b65d-1e1a27d86b40,bad
4ff31b18-55cc-4df3-9de6-8b018d46f569,bad
2ad185e7-a825-401f-b88d-07cb666b915c,bad
21026567-8554-45f3-9644-ec251571f8c1,bad
cc15feac-459c-41b7-ac07-71bfac9dc1d7,bad
5a4539b2-dd22-4d89-a8e8-fdf671eaceee,bad
13393ca5-5eb3-4ce2-a0f1-75e6a1680f9b,bad
07f655fd-c40c-45e6-9e45-53c9491a1e41,bad
47273cd1-f8c3-42f1-a0e6-86f2a2afcdf7,bad
72d0365f-b0e1-425a-8639-5d4c26816d83,bad
8740ca4b-a849-4307-8330-b86940820fa4,bad
8842ca25-f531-4e99-9ffb-94a9a7afbfa3,bad
d2e292e2-355d-48bd-af87-0eb89f4b06a1,bad
f5426d8a-9994-43cc-ba3c-4c8566e6a1ca,bad
849998a8-c857-48b3-bcd9-3dfd01bec924,bad
88d1915a-5a30-48d3-9b4f-da0ccb21b790,bad
88d2f206-8cc3-4c26-9fbc-8534b5df0953,bad
b0e47d5a-98d9-4446-bd5d-0443a372bfa7,bad
a7e77aae-6c8c-4595-bd3b-cbec571562f4,bad
a04c1267-b420-4d4c-a4cd-047762c12729,bad
3ea12fa5-4c2b-4e4f-88f0-93706b95d22d,bad
2ca093f8-a25e-42fe-8cde-e4a73df0617e,bad
cd0b4058-31a4-4242-94f3-9f6b75c17dd5,bad
611c949b-d05f-4b58-a8ac-03ad353f80f7,bad
6f1b86fd-279a-4672-9161-fefb7d000db1,bad
11aea1c6-dbc0-4559-9088-c7f249031149,bad
6dde68a9-a9ef-4c16-bed7-97791289a882,bad
9131310b-80b6-4b89-a40e-09e1d22f2c93,bad
0ae3d2c4-8cc5-4c97-a84e-968a81a3cdb8,bad
c274c5d1-2dff-41de-80dc-dc0e9380bde4,bad
c55f4f94-51a7-45c2-9416-7a32304c78c1,bad
e8a4c42c-04fc-4bca-b3b4-424f8598a4c7,bad
44bcf7a8-1dc7-4165-a086-42289d2a6789,bad
4edb329c-baae-4da7-94f4-8c4c03c55a66,bad
bb1ba61a-d736-44dd-936c-9e3a74ed678f,bad
b27ef748-1c05-4f53-8cb4-34e2ccd9c970,bad
4cd2f227-d0f8-4bab-b990-e936d1d989dd,bad
2bbc03cf-16b4-4fe0-8e52-7bc16045ebbb,bad
2c08d810-67be-4012-b0a5-4d9169e9ddc0,bad
6fdb3ec5-1742-4520-ae72-f07fe01c06d5,bad
afc9a30f-a66e-4a5c-a70f-a4ee8e6d822c,bad
79061abe-d123-4fc8-978b-fd39ac327979,bad
ef867c76-24da-4402-9d6b-df9b83fe086b,bad
ed8d1164-7afb-4556-be6f-a3c5b8ee2fa2,bad
19f911ae-034d-461e-bfe3-23777ad110ba,bad
ab77a862-2473-4b1c-9952-6c008ab1e8ce,bad
ad1a28f6-8c09-464f-9288-9e1c7e1f39af,bad
4f86c894-20d6-4ee8-ab0c-1f7f9bd81044,bad
08612335-f896-436c-a104-c591ab171234,bad
bef837e8-f81c-48c3-8911-f7d9ba39d90b,bad
25f7056a-e8f9-45f3-a9ec-f4efbf976919,bad
3211de36-287f-415b-9285-3c88dfda2d3a,bad
6eb6c6b3-a793-4620-9517-04b52fef955f,bad
3c2fefb5-ca6a-4793-b044-babc85bed24e,bad
c8ecbb0c-2a63-4615-96a0-0d46c42f2305,bad
03ecaddb-d429-4e5b-8c08-684702bb63cb,bad
0e624d51-8918-4ebb-bf8b-8fb83e2d19e9,bad
22f7ed45-c310-46de-ab68-85f82837f75b,bad
dda36fa4-ba55-42ca-9261-4540d7e9448f,bad
315b8399-bc30-4e0b-8982-ac0b06879f5c,bad
88aada87-3545-43d1-9050-ca753aae9e86,bad
e1b5856e-37bd-40b0-b3f1-c9cf5de8a0df,bad
7504d0f4-f263-42cf-8ee6-42ee210a4ef8,bad
9a19f885-1c4d-4535-b500-6481b22b4608,bad
dc6a2db0-6db8-4917-aa24-d7ba9678e8ec,bad
be299487-c5b2-4670-a10c-f886af1a4947,bad
40f89d4b-119b-443f-a527-accad71602fc,bad
6f356cc9-2615-4e65-af60-d61043a7ccce,bad
8636c9bc-f841-43cc-bb44-d451ce2718cf,bad
d4b6a184-c08b-4bd4-ae97-fb42f478c23c,bad
f2d68db0-3da0-42ba-9909-92ac3078216f,bad
31eeea17-99d0-4246-93a8-f616451a144e,bad
ccde41e0-faf6-4c25-ab91-0806ac115282,bad
e6c4bdc7-0f3e-4b98-8921-98be2d34c0e8,bad
2358ac42-4158-44b5-9d39-62ba6932f09d,bad
40192548-bbb2-4283-861b-b6ad635bec59,bad
4381f364-6d96-4acf-86d5-8a30411ddddd,bad
58fdfbf3-c1cd-4a67-9a33-18bc2b36f05b,bad
774e840c-164b-434c-8f2e-359eab5b050d,bad
a52309e7-7471-43d7-876e-b198fa6c3a20,bad
af9c4ed3-3aee-4080-a7dd-ab997eeaf01c,bad
b783e757-d5a8-40ec-8054-2a726422c1d4,bad
c5d18d18-8ed1-4dc7-97f4-41a058bbe282,bad
d484e6bf-ae73-4c30-b39c-b815c57d5de6,bad
db1e8347-9348-4815-b7e0-aa1bd1b6721b,bad
df624701-e0da-42ca-ad29-e0fab0154263,bad
ee3fb188-4ae5-4fb6-bec5-78152a80c729,bad
f61d045e-7ab2-4ece-9184-9a624480080b,bad
85868f76-93e0-456e-afe8-dd6a10a2c2f1,bad
b0f43fe2-f50a-44e0-bf36-b21c455ae360,bad
b9164110-b350-484d-9f60-3e89c646c6e9,bad
f39ac45a-c9ef-46f5-b4cb-6fd5f2fe111d,bad
a1fa1336-896c-4f9a-8783-d7b15e4b8d9f,bad
358762c1-a794-4b80-bd37-b1b9b0f42a8a,bad
38fa5f54-1386-47c4-b056-126eab4f51bb,bad
717f24f0-6013-48f1-adbc-d3bc762ad29f,bad
da49376c-461e-4b4d-a367-c778f27a87c1,bad
d21487c7-306c-4686-90da-28084d5740c4,bad
9de649ee-edba-433f-8c87-4846f755a8c6,bad
079f5fe9-8c46-4a30-862c-2f03620431c9,bad
0ec450dd-9d9f-4516-bc02-a65cf2aa7dc5,bad
08327cbc-595a-408e-a6b2-81182ae28f17,bad
c548b560-1105-483f-b8ad-de4a3eef8a9a,bad
cfc22dda-e9d6-4124-8225-0a785680fb3e,bad
c13e230c-a535-4bfc-9c87-847cf7c35c06,bad
1620b15f-40b1-40dd-9d62-d09bc1795a10,bad
1bb4ca30-d4b4-4788-a837-ab4a7373b2ac,bad
1010dd3b-8abb-4f2f-b7be-7ec2383d2d10,bad
18fb821b-321c-49bb-9639-c783c6b17e64,bad
3ff453e3-dc5a-42ad-a9d5-862cf4550bd0,bad
b009eb64-c363-4eb8-b447-91894756436d,bad
f06649e9-056a-4e73-9e97-91cd96efb3ba,bad
ff54244a-61b1-4073-9e9f-9cf3a12d51f9,bad
34c4a0bf-e50e-4028-ad15-efac57aa4a15,bad
db3575d8-0480-4f6b-b87a-4ccb9edaa2cd,bad
96d67d9c-0be7-40df-a5fa-d82e4bd410d2,bad
407a1156-5f02-4038-8780-f8c7f5953862,bad
45fd7a89-921b-41c0-b95f-6448b20a849f,bad
068b3632-4b4c-4e0a-a18c-a2a3cb8c940e,bad
6a08ff3c-0f00-4b2a-921a-4ccc851c0f17,bad
6f6100c0-5161-432a-8809-03bb618bacf1,bad
c2656d9f-ed39-46a6-ae6c-9a1cadd48ebc,bad
3f685919-cbcc-4735-a6ac-c2d8494dfda7,bad
2b4fd6db-f5c2-4ac9-8e91-8ca81c75f4b5,bad
89ff4ad2-cd4f-43fa-9879-4a2f349c8908,bad
a49a6ede-a1af-468c-a0c7-e995db013e09,bad
ab5d2016-4cb8-4b64-a512-8019e07374a4,bad
db4d9338-f5d8-4ff3-98e1-4e4bb6055d1c,bad
e21b8fe0-4a0e-41cf-817f-f1bb2ad382e2,bad
6efa89aa-3eef-484f-b021-1178baf6e233,bad
